2025-09-23 15:48:38,860 - telemetry_logger - INFO - Token refreshed successfully
2025-09-23 15:48:38,873 - telemetry_logger - ERROR - Error: Exception - Network error
2025-09-24 20:53:54,504 - telemetry_logger - INFO - No GPU found, using CPU
2025-09-24 21:04:41,227 - telemetry_logger - INFO - No GPU found, using CPU
2025-09-24 21:13:56,769 - telemetry_logger - INFO - No GPU found, using CPU
2025-09-25 14:28:20,710 - telemetry_logger - INFO - No GPU found, using CPU
2025-09-25 14:28:20,782 - telemetry_logger - INFO - No GPU found, using CPU
2025-09-25 14:28:20,857 - telemetry_logger - INFO - No GPU found, using CPU
2025-09-25 14:28:20,964 - telemetry_logger - INFO - No GPU found, using CPU
2025-09-25 14:28:21,135 - telemetry_logger - INFO - No GPU found, using CPU
2025-09-25 14:30:01,182 - telemetry_logger - INFO - No GPU found, using CPU
2025-09-25 14:30:58,874 - telemetry_logger - INFO - No GPU found, using CPU
2025-09-25 14:31:16,881 - telemetry_logger - INFO - No GPU found, using CPU
2025-09-25 14:36:06,589 - telemetry_logger - INFO - No GPU found, using CPU
2025-09-25 14:40:48,951 - telemetry_logger - INFO - No GPU found, using CPU
2025-09-25 14:44:10,924 - telemetry_logger - INFO - No GPU found, using CPU
2025-09-25 14:44:42,346 - telemetry_logger - INFO - No GPU found, using CPU
2025-09-25 14:46:00,367 - telemetry_logger - INFO - No GPU found, using CPU
2025-09-25 14:46:46,581 - telemetry_logger - INFO - No GPU found, using CPU
2025-09-25 14:47:01,625 - telemetry_logger - INFO - No GPU found, using CPU
2025-09-25 14:53:40,682 - telemetry_logger - INFO - No GPU found, using CPU
2025-09-25 14:58:06,462 - telemetry_logger - INFO - No GPU found, using CPU
2025-09-25 14:58:06,622 - telemetry_logger - INFO - Starting Telemetry API Server
2025-09-25 14:58:06,632 - telemetry_logger - INFO - Configuration: {'api_base_url': 'https://api.jpmorgan.com', 'api_version': 'v1', 'log_level': 'INFO', 'log_file': 'logs/telemetry.log', 'telemetry_enabled': True, 'telemetry_batch_size': 100, 'database_url': 'sqlite:///telemetry.db', 'token_client_id': 'test', 'token_client_secret': 'test', 'token_url': 'https://id.payments.jpmorgan.com/am/oauth2/alpha/access_token', 'token_scope': 'openid profile', 'mcp_server_command': 'docker run -i --rm -e GITHUB_PERSONAL_ACCESS_TOKEN ghcr.io/github/github-mcp-server', 'github_personal_access_token': 'your_github_token_here', 'mcp_server_toolsets': 'all', 'mcp_server_host': ''}
2025-09-25 15:00:39,804 - telemetry_logger - INFO - No GPU found, using CPU
2025-09-25 15:00:40,213 - telemetry_logger - INFO - Health check requested
2025-09-25 15:01:44,986 - telemetry_logger - INFO - No GPU found, using CPU
2025-09-25 15:01:45,220 - telemetry_logger - INFO - Health check requested
2025-09-25 15:07:30,790 - telemetry_logger - INFO - No GPU found, using CPU
2025-09-25 15:08:14,838 - telemetry_logger - INFO - No GPU found, using CPU
2025-09-25 15:17:11,743 - telemetry_logger - INFO - No GPU found, using CPU
2025-09-25 15:17:12,013 - telemetry_logger - INFO - Starting Telemetry API Server
2025-09-25 15:17:12,013 - telemetry_logger - INFO - Configuration: {'api_base_url': 'https://api.jpmorgan.com', 'api_version': 'v1', 'log_level': 'INFO', 'log_file': 'logs/telemetry.log', 'telemetry_enabled': True, 'telemetry_batch_size': 100, 'database_url': 'sqlite:///telemetry.db', 'token_client_id': 'test', 'token_client_secret': 'test', 'token_url': 'https://id.payments.jpmorgan.com/am/oauth2/alpha/access_token', 'token_scope': 'openid profile', 'mcp_server_command': 'docker run -i --rm -e GITHUB_PERSONAL_ACCESS_TOKEN ghcr.io/github/github-mcp-server', 'github_personal_access_token': 'your_github_token_here', 'mcp_server_toolsets': 'all', 'mcp_server_host': ''}
2025-09-25 15:17:40,237 - telemetry_logger - INFO - Health check requested
2025-09-25 15:33:11,268 - telemetry_logger - INFO - Health check requested
2025-09-25 15:41:23,105 - telemetry_logger - INFO - No GPU found, using CPU
2025-09-25 16:14:54,296 - telemetry_logger - INFO - Health check requested
2025-09-25 16:15:55,892 - telemetry_logger - INFO - No GPU found, using CPU
2025-09-25 16:15:56,390 - telemetry_logger - INFO - Starting Telemetry API Server
2025-09-25 16:15:56,391 - telemetry_logger - INFO - Configuration: {'api_base_url': 'https://api.jpmorgan.com', 'api_version': 'v1', 'log_level': 'INFO', 'log_file': 'logs/telemetry.log', 'telemetry_enabled': True, 'telemetry_batch_size': 100, 'database_url': 'sqlite:///telemetry.db', 'token_client_id': 'test', 'token_client_secret': 'test', 'token_url': 'https://id.payments.jpmorgan.com/am/oauth2/alpha/access_token', 'token_scope': 'openid profile', 'mcp_server_command': 'docker run -i --rm -e GITHUB_PERSONAL_ACCESS_TOKEN ghcr.io/github/github-mcp-server', 'github_personal_access_token': 'your_github_token_here', 'mcp_server_toolsets': 'all', 'mcp_server_host': ''}
2025-09-25 16:17:25,395 - telemetry_logger - INFO - Health check requested
2025-09-25 16:17:55,749 - telemetry_logger - INFO - Health check requested
2025-09-25 16:18:13,228 - telemetry_logger - INFO - Health check requested
2025-09-25 16:18:43,548 - telemetry_logger - INFO - Health check requested
2025-09-25 16:19:13,546 - telemetry_logger - INFO - Health check requested
2025-09-25 16:19:43,545 - telemetry_logger - INFO - Health check requested
2025-09-25 16:20:13,544 - telemetry_logger - INFO - Health check requested
2025-09-25 16:20:43,561 - telemetry_logger - INFO - Health check requested
2025-09-25 16:21:13,554 - telemetry_logger - INFO - Health check requested
2025-09-25 16:21:43,238 - telemetry_logger - INFO - Health check requested
2025-09-25 16:22:13,239 - telemetry_logger - INFO - Health check requested
2025-09-25 16:22:43,246 - telemetry_logger - INFO - Health check requested
2025-09-25 16:23:13,239 - telemetry_logger - INFO - Health check requested
2025-09-25 16:23:43,259 - telemetry_logger - INFO - Health check requested
2025-09-25 16:24:13,241 - telemetry_logger - INFO - Health check requested
2025-09-25 16:24:43,236 - telemetry_logger - INFO - Health check requested
2025-09-25 16:25:13,237 - telemetry_logger - INFO - Health check requested
2025-09-25 16:25:43,252 - telemetry_logger - INFO - Health check requested
2025-09-25 16:26:13,242 - telemetry_logger - INFO - Health check requested
2025-09-25 16:26:43,237 - telemetry_logger - INFO - Health check requested
2025-09-25 16:27:13,242 - telemetry_logger - INFO - Health check requested
2025-09-25 16:27:43,241 - telemetry_logger - INFO - Health check requested
2025-09-25 16:28:13,238 - telemetry_logger - INFO - Health check requested
2025-09-25 16:28:43,235 - telemetry_logger - INFO - Health check requested
2025-09-25 16:29:13,237 - telemetry_logger - INFO - Health check requested
2025-09-25 16:29:43,234 - telemetry_logger - INFO - Health check requested
2025-09-25 16:30:13,245 - telemetry_logger - INFO - Health check requested
2025-09-25 16:30:43,238 - telemetry_logger - INFO - Health check requested
2025-09-25 16:31:13,235 - telemetry_logger - INFO - Health check requested
2025-09-25 16:31:43,241 - telemetry_logger - INFO - Health check requested
2025-09-25 16:32:13,235 - telemetry_logger - INFO - Health check requested
2025-09-25 16:32:43,240 - telemetry_logger - INFO - Health check requested
2025-09-25 16:33:13,241 - telemetry_logger - INFO - Health check requested
2025-09-25 16:33:43,241 - telemetry_logger - INFO - Health check requested
2025-09-25 16:34:13,237 - telemetry_logger - INFO - Health check requested
2025-09-25 16:34:43,237 - telemetry_logger - INFO - Health check requested
2025-09-25 16:35:13,238 - telemetry_logger - INFO - Health check requested
2025-09-25 16:35:43,237 - telemetry_logger - INFO - Health check requested
2025-09-25 16:36:13,241 - telemetry_logger - INFO - Health check requested
2025-09-25 16:36:43,242 - telemetry_logger - INFO - Health check requested
2025-09-25 16:37:13,240 - telemetry_logger - INFO - Health check requested
2025-09-25 16:37:43,239 - telemetry_logger - INFO - Health check requested
2025-09-25 16:38:13,237 - telemetry_logger - INFO - Health check requested
2025-09-25 16:38:43,238 - telemetry_logger - INFO - Health check requested
2025-09-25 16:39:13,240 - telemetry_logger - INFO - Health check requested
2025-09-25 16:39:43,237 - telemetry_logger - INFO - Health check requested
2025-09-25 16:40:13,546 - telemetry_logger - INFO - Health check requested
2025-09-25 16:40:43,237 - telemetry_logger - INFO - Health check requested
2025-09-25 16:41:13,241 - telemetry_logger - INFO - Health check requested
2025-09-25 16:41:43,246 - telemetry_logger - INFO - Health check requested
2025-09-25 16:42:13,240 - telemetry_logger - INFO - Health check requested
2025-09-25 16:42:43,240 - telemetry_logger - INFO - Health check requested
2025-09-25 16:43:13,240 - telemetry_logger - INFO - Health check requested
2025-09-25 16:43:43,238 - telemetry_logger - INFO - Health check requested
2025-09-25 16:44:13,238 - telemetry_logger - INFO - Health check requested
2025-09-25 16:44:43,242 - telemetry_logger - INFO - Health check requested
2025-09-25 16:45:13,238 - telemetry_logger - INFO - Health check requested
2025-09-25 16:45:43,238 - telemetry_logger - INFO - Health check requested
2025-09-25 16:46:13,234 - telemetry_logger - INFO - Health check requested
2025-09-25 16:46:43,242 - telemetry_logger - INFO - Health check requested
2025-09-25 16:47:13,241 - telemetry_logger - INFO - Health check requested
2025-09-25 16:47:43,244 - telemetry_logger - INFO - Health check requested
2025-09-25 16:48:13,425 - telemetry_logger - INFO - Health check requested
2025-09-25 16:48:44,351 - telemetry_logger - INFO - Health check requested
2025-09-25 16:50:07,344 - telemetry_logger - INFO - Health check requested
2025-09-25 16:51:07,030 - telemetry_logger - INFO - Health check requested
2025-09-25 16:52:07,048 - telemetry_logger - INFO - Health check requested
2025-09-25 16:53:07,025 - telemetry_logger - INFO - Health check requested
2025-09-25 16:54:07,037 - telemetry_logger - INFO - Health check requested
2025-09-25 16:55:07,035 - telemetry_logger - INFO - Health check requested
2025-09-25 16:56:07,062 - telemetry_logger - INFO - Health check requested
2025-09-25 16:57:07,033 - telemetry_logger - INFO - Health check requested
2025-09-25 16:58:07,059 - telemetry_logger - INFO - Health check requested
2025-09-25 16:59:07,029 - telemetry_logger - INFO - Health check requested
2025-09-25 17:00:07,041 - telemetry_logger - INFO - Health check requested
2025-09-25 17:01:07,038 - telemetry_logger - INFO - Health check requested
2025-09-25 17:02:07,046 - telemetry_logger - INFO - Health check requested
2025-09-25 17:03:07,040 - telemetry_logger - INFO - Health check requested
2025-09-25 17:12:33,714 - telemetry_logger - INFO - Health check requested
2025-09-25 17:12:43,241 - telemetry_logger - INFO - Health check requested
2025-09-25 17:13:13,242 - telemetry_logger - INFO - Health check requested
2025-09-25 17:13:43,540 - telemetry_logger - INFO - Health check requested
2025-09-25 17:13:45,360 - telemetry_logger - INFO - Health check requested
2025-09-25 17:14:16,132 - telemetry_logger - INFO - Health check requested
2025-09-25 17:14:47,300 - telemetry_logger - INFO - Health check requested
2025-09-25 17:15:15,675 - telemetry_logger - INFO - Health check requested
2025-09-25 17:15:45,683 - telemetry_logger - INFO - Health check requested
2025-09-25 17:16:15,839 - telemetry_logger - INFO - Health check requested
2025-09-25 17:16:45,677 - telemetry_logger - INFO - Health check requested
2025-09-25 17:17:15,686 - telemetry_logger - INFO - Health check requested
2025-09-25 17:17:45,374 - telemetry_logger - INFO - Health check requested
2025-09-25 17:18:15,399 - telemetry_logger - INFO - Health check requested
2025-09-25 17:18:45,363 - telemetry_logger - INFO - Health check requested
2025-09-25 17:19:15,371 - telemetry_logger - INFO - Health check requested
2025-09-25 17:19:45,373 - telemetry_logger - INFO - Health check requested
2025-09-25 17:20:15,390 - telemetry_logger - INFO - Health check requested
2025-09-25 17:20:45,373 - telemetry_logger - INFO - Health check requested
2025-09-25 17:21:15,378 - telemetry_logger - INFO - Health check requested
2025-09-25 17:21:46,020 - telemetry_logger - INFO - Health check requested
2025-09-25 17:22:06,923 - telemetry_logger - INFO - Health check requested
2025-09-25 17:22:16,363 - telemetry_logger - INFO - Health check requested
2025-09-25 17:22:26,019 - telemetry_logger - INFO - Health check requested
2025-09-25 17:22:46,355 - telemetry_logger - INFO - Health check requested
2025-09-25 17:22:56,348 - telemetry_logger - INFO - Health check requested
2025-09-25 17:23:16,347 - telemetry_logger - INFO - Health check requested
2025-09-25 17:23:26,574 - telemetry_logger - INFO - Health check requested
2025-09-25 17:23:57,324 - telemetry_logger - INFO - Health check requested
2025-09-25 17:24:07,351 - telemetry_logger - INFO - Health check requested
2025-09-25 17:24:13,328 - telemetry_logger - INFO - Health check requested
2025-09-25 17:24:27,339 - telemetry_logger - INFO - Health check requested
2025-09-25 17:24:43,765 - telemetry_logger - INFO - Health check requested
2025-09-25 17:24:57,342 - telemetry_logger - INFO - Health check requested
2025-09-25 17:25:07,356 - telemetry_logger - INFO - Health check requested
2025-09-25 17:25:13,640 - telemetry_logger - INFO - Health check requested
2025-09-25 17:25:27,331 - telemetry_logger - INFO - Health check requested
2025-09-25 17:25:43,654 - telemetry_logger - INFO - Health check requested
2025-09-25 17:26:07,349 - telemetry_logger - INFO - Health check requested
2025-09-25 17:26:07,604 - telemetry_logger - INFO - Health check requested
2025-09-25 17:26:14,081 - telemetry_logger - INFO - Health check requested
2025-09-25 17:26:43,650 - telemetry_logger - INFO - Health check requested
2025-09-25 17:27:07,377 - telemetry_logger - INFO - Health check requested
2025-09-25 17:27:07,631 - telemetry_logger - INFO - Health check requested
2025-09-25 17:27:13,649 - telemetry_logger - INFO - Health check requested
2025-09-25 17:27:43,335 - telemetry_logger - INFO - Health check requested
2025-09-25 17:28:07,036 - telemetry_logger - INFO - Health check requested
2025-09-25 17:28:07,352 - telemetry_logger - INFO - Health check requested
2025-09-25 17:28:13,363 - telemetry_logger - INFO - Health check requested
2025-09-25 17:28:43,345 - telemetry_logger - INFO - Health check requested
2025-09-25 17:29:13,639 - telemetry_logger - INFO - Health check requested
2025-09-25 17:29:43,338 - telemetry_logger - INFO - Health check requested
2025-09-25 17:30:14,329 - telemetry_logger - INFO - Health check requested
2025-09-25 17:30:44,340 - telemetry_logger - INFO - Health check requested
2025-09-25 17:31:45,692 - telemetry_logger - INFO - Health check requested
2025-09-25 17:31:46,989 - telemetry_logger - INFO - Health check requested
2025-09-25 17:32:14,329 - telemetry_logger - INFO - Health check requested
2025-09-25 17:32:17,019 - telemetry_logger - INFO - Health check requested
2025-09-25 17:32:44,034 - telemetry_logger - INFO - Health check requested
2025-09-25 17:32:47,030 - telemetry_logger - INFO - Health check requested
2025-09-25 17:33:17,357 - telemetry_logger - INFO - Health check requested
2025-09-25 17:33:47,332 - telemetry_logger - INFO - Health check requested
2025-09-25 17:34:07,337 - telemetry_logger - INFO - Health check requested
2025-09-25 17:34:17,341 - telemetry_logger - INFO - Health check requested
2025-09-25 17:34:40,274 - telemetry_logger - INFO - Health check requested
2025-09-25 17:34:47,454 - telemetry_logger - INFO - Health check requested
2025-09-25 17:35:07,948 - telemetry_logger - INFO - Health check requested
2025-09-25 17:35:10,439 - telemetry_logger - INFO - Health check requested
2025-09-25 17:36:06,740 - telemetry_logger - INFO - No GPU found, using CPU
2025-09-25 17:36:06,949 - telemetry_logger - INFO - Starting Telemetry API Server
2025-09-25 17:36:06,949 - telemetry_logger - INFO - Configuration: {'api_base_url': 'https://api.jpmorgan.com', 'api_version': 'v1', 'log_level': 'INFO', 'log_file': 'logs/telemetry.log', 'telemetry_enabled': True, 'telemetry_batch_size': 100, 'database_url': 'sqlite:///telemetry.db', 'token_client_id': 'your_token_client_id_here', 'token_client_secret': 'your_token_client_secret_here', 'token_url': 'https://id.payments.jpmorgan.com/am/oauth2/alpha/access_token', 'token_scope': 'openid profile', 'mcp_server_command': 'docker run -i --rm -e GITHUB_PERSONAL_ACCESS_TOKEN ghcr.io/github/github-mcp-server', 'github_personal_access_token': 'your_github_token_here', 'mcp_server_toolsets': 'all', 'mcp_server_host': ''}
2025-09-25 17:36:07,532 - telemetry_logger - INFO - Health check requested
2025-09-25 17:36:07,779 - telemetry_logger - INFO - Health check requested
2025-09-25 17:36:26,745 - telemetry_logger - INFO - Health check requested
2025-09-25 17:36:58,126 - telemetry_logger - INFO - Health check requested
2025-09-25 17:37:07,722 - telemetry_logger - INFO - Health check requested
2025-09-25 17:38:03,380 - telemetry_logger - INFO - Health check requested
2025-09-25 17:38:07,450 - telemetry_logger - INFO - Health check requested
2025-09-25 17:38:34,460 - telemetry_logger - INFO - Health check requested
2025-09-25 17:39:07,752 - telemetry_logger - INFO - Health check requested
2025-09-25 17:39:16,907 - telemetry_logger - INFO - Health check requested
2025-09-25 17:39:17,596 - telemetry_logger - INFO - Health check requested
2025-09-25 17:39:47,597 - telemetry_logger - INFO - Health check requested
2025-09-25 17:40:17,292 - telemetry_logger - INFO - Health check requested
2025-09-25 17:40:48,035 - telemetry_logger - INFO - Health check requested
2025-09-25 17:41:18,031 - telemetry_logger - INFO - Health check requested
2025-09-25 17:41:48,336 - telemetry_logger - INFO - Health check requested
2025-09-25 17:41:53,714 - telemetry_logger - INFO - Health check requested
2025-09-25 17:42:19,167 - telemetry_logger - INFO - Health check requested
2025-09-25 17:42:23,843 - telemetry_logger - INFO - Health check requested
2025-09-25 17:42:48,504 - telemetry_logger - INFO - Health check requested
2025-09-25 17:42:54,065 - telemetry_logger - INFO - Health check requested
2025-09-25 17:43:24,025 - telemetry_logger - INFO - Health check requested
2025-09-25 17:43:35,194 - telemetry_logger - INFO - Health check requested
2025-09-25 17:43:54,361 - telemetry_logger - INFO - Health check requested
2025-09-25 17:44:05,663 - telemetry_logger - INFO - Health check requested
2025-09-25 17:44:07,150 - telemetry_logger - INFO - Health check requested
2025-09-25 17:45:17,509 - telemetry_logger - INFO - Health check requested
2025-09-25 17:45:47,966 - telemetry_logger - INFO - Health check requested
2025-09-25 17:46:18,001 - telemetry_logger - INFO - Health check requested
2025-09-25 17:47:07,813 - telemetry_logger - INFO - Health check requested
2025-09-25 17:47:38,126 - telemetry_logger - INFO - Health check requested
2025-09-25 17:48:08,330 - telemetry_logger - INFO - Health check requested
2025-09-25 17:48:38,325 - telemetry_logger - INFO - Health check requested
2025-09-25 17:48:40,473 - telemetry_logger - INFO - Health check requested
2025-09-25 17:51:49,266 - telemetry_logger - INFO - No GPU found, using CPU
2025-09-25 17:51:49,496 - telemetry_logger - INFO - Starting Telemetry API Server
2025-09-25 17:51:49,496 - telemetry_logger - INFO - Configuration: {'api_base_url': 'https://api.jpmorgan.com', 'api_version': 'v1', 'log_level': 'INFO', 'log_file': 'logs/telemetry.log', 'telemetry_enabled': True, 'telemetry_batch_size': 100, 'database_url': 'sqlite:///telemetry.db', 'token_client_id': 'your_token_client_id_here', 'token_client_secret': 'your_token_client_secret_here', 'token_url': 'https://id.payments.jpmorgan.com/am/oauth2/alpha/access_token', 'token_scope': 'openid profile', 'mcp_server_command': 'docker run -i --rm -e GITHUB_PERSONAL_ACCESS_TOKEN ghcr.io/github/github-mcp-server', 'github_personal_access_token': 'your_github_token_here', 'mcp_server_toolsets': 'all', 'mcp_server_host': ''}
2025-09-25 17:51:51,769 - telemetry_logger - INFO - No GPU found, using CPU
2025-09-25 17:51:51,893 - telemetry_logger - INFO - Health check requested
2025-09-25 17:51:53,074 - telemetry_logger - INFO - Health check requested
2025-09-25 17:54:19,234 - telemetry_logger - INFO - No GPU found, using CPU
2025-09-25 17:54:19,342 - telemetry_logger - INFO - Starting Telemetry API Server
2025-09-25 17:54:19,354 - telemetry_logger - INFO - Configuration: {'api_base_url': 'https://api.jpmorgan.com', 'api_version': 'v1', 'log_level': 'INFO', 'log_file': 'logs/telemetry.log', 'telemetry_enabled': True, 'telemetry_batch_size': 100, 'database_url': 'sqlite:///telemetry.db', 'token_client_id': 'your_token_client_id_here', 'token_client_secret': 'your_token_client_secret_here', 'token_url': 'https://id.payments.jpmorgan.com/am/oauth2/alpha/access_token', 'token_scope': 'openid profile', 'mcp_server_command': 'docker run -i --rm -e GITHUB_PERSONAL_ACCESS_TOKEN ghcr.io/github/github-mcp-server', 'github_personal_access_token': 'your_github_token_here', 'mcp_server_toolsets': 'all', 'mcp_server_host': ''}
2025-09-25 17:54:23,817 - telemetry_logger - INFO - No GPU found, using CPU
2025-09-25 17:54:23,942 - telemetry_logger - INFO - Health check requested
2025-09-25 17:54:23,950 - telemetry_logger - ERROR - Error: AttributeError - 'str' object has no attribute 'get'
2025-09-25 17:54:24,624 - telemetry_logger - ERROR - Error: AttributeError - 'str' object has no attribute 'get'
2025-09-25 17:54:24,624 - telemetry_logger - ERROR - Error: AttributeError - 'str' object has no attribute 'get'
2025-09-25 17:54:24,625 - telemetry_logger - INFO - Batch processing completed: 0/2 events processed successfully
2025-09-25 17:54:24,693 - telemetry_logger - ERROR - Error: ValueError - Need at least 10 samples to train
2025-09-25 17:54:24,709 - telemetry_logger - ERROR - Error: BadRequest - 400 Bad Request: The browser (or proxy) sent a request that this server could not understand.
2025-09-25 17:54:24,721 - telemetry_logger - INFO - Health check requested
2025-09-25 17:54:24,722 - telemetry_logger - ERROR - Error: AttributeError - 'str' object has no attribute 'get'
2025-09-25 17:57:32,192 - telemetry_logger - INFO - No GPU found, using CPU
2025-09-25 17:57:32,308 - telemetry_logger - INFO - Starting Telemetry API Server
2025-09-25 17:57:32,308 - telemetry_logger - INFO - Configuration: {'api_base_url': 'https://api.jpmorgan.com', 'api_version': 'v1', 'log_level': 'INFO', 'log_file': 'logs/telemetry.log', 'telemetry_enabled': True, 'telemetry_batch_size': 100, 'database_url': 'sqlite:///telemetry.db', 'token_client_id': 'your_token_client_id_here', 'token_client_secret': 'your_token_client_secret_here', 'token_url': 'https://id.payments.jpmorgan.com/am/oauth2/alpha/access_token', 'token_scope': 'openid profile', 'mcp_server_command': 'docker run -i --rm -e GITHUB_PERSONAL_ACCESS_TOKEN ghcr.io/github/github-mcp-server', 'github_personal_access_token': 'your_github_token_here', 'mcp_server_toolsets': 'all', 'mcp_server_host': ''}
2025-09-25 17:57:36,391 - telemetry_logger - INFO - No GPU found, using CPU
2025-09-25 17:57:36,521 - telemetry_logger - INFO - Health check requested
2025-09-25 17:57:36,530 - telemetry_logger - INFO - Telemetry Event - Operation: StoreConfigurationServer::FilterUnsupportedSystemFeaturesAsync, PFN: Microsoft.WindowsStore_22507.1401.7.0_x64__8wekyb3d8bbwe
2025-09-25 17:57:36,532 - telemetry_logger - ERROR - Error: OperationalError - 41 values for 43 columns
2025-09-25 17:57:37,178 - telemetry_logger - INFO - Telemetry Event - Operation: StoreConfigurationServer::FilterUnsupportedSystemFeaturesAsync, PFN: Microsoft.WindowsStore_22507.1401.7.0_x64__8wekyb3d8bbwe
2025-09-25 17:57:37,185 - telemetry_logger - ERROR - Error: OperationalError - 41 values for 43 columns
2025-09-25 17:57:37,185 - telemetry_logger - INFO - Telemetry Event - Operation: StoreConfigurationServer::FilterUnsupportedSystemFeaturesAsync, PFN: Microsoft.WindowsStore_22507.1401.7.0_x64__8wekyb3d8bbwe
2025-09-25 17:57:37,185 - telemetry_logger - ERROR - Error: OperationalError - 41 values for 43 columns
2025-09-25 17:57:37,185 - telemetry_logger - INFO - Batch processing completed: 0/2 events processed successfully
2025-09-25 17:57:37,273 - telemetry_logger - ERROR - Error: ValueError - Need at least 10 samples to train
2025-09-25 17:57:37,302 - telemetry_logger - ERROR - Error: BadRequest - 400 Bad Request: The browser (or proxy) sent a request that this server could not understand.
2025-09-25 17:57:37,331 - telemetry_logger - INFO - Health check requested
2025-09-25 17:57:37,335 - telemetry_logger - INFO - Telemetry Event - Operation: StoreConfigurationServer::FilterUnsupportedSystemFeaturesAsync, PFN: Microsoft.WindowsStore_22507.1401.7.0_x64__8wekyb3d8bbwe
2025-09-25 17:57:37,339 - telemetry_logger - ERROR - Error: OperationalError - 41 values for 43 columns
2025-09-25 18:01:31,559 - telemetry_logger - INFO - No GPU found, using CPU
2025-09-25 18:01:31,683 - telemetry_logger - INFO - Health check requested
2025-09-25 18:01:31,690 - telemetry_logger - INFO - Telemetry Event - Operation: StoreConfigurationServer::FilterUnsupportedSystemFeaturesAsync, PFN: Microsoft.WindowsStore_22507.1401.7.0_x64__8wekyb3d8bbwe
2025-09-25 18:01:31,691 - telemetry_logger - ERROR - Error: OperationalError - 41 values for 43 columns
2025-09-25 18:01:32,246 - telemetry_logger - INFO - Telemetry Event - Operation: StoreConfigurationServer::FilterUnsupportedSystemFeaturesAsync, PFN: Microsoft.WindowsStore_22507.1401.7.0_x64__8wekyb3d8bbwe
2025-09-25 18:01:32,253 - telemetry_logger - ERROR - Error: OperationalError - 41 values for 43 columns
2025-09-25 18:01:32,253 - telemetry_logger - INFO - Telemetry Event - Operation: StoreConfigurationServer::FilterUnsupportedSystemFeaturesAsync, PFN: Microsoft.WindowsStore_22507.1401.7.0_x64__8wekyb3d8bbwe
2025-09-25 18:01:32,255 - telemetry_logger - ERROR - Error: OperationalError - 41 values for 43 columns
2025-09-25 18:01:32,255 - telemetry_logger - INFO - Batch processing completed: 0/2 events processed successfully
2025-09-25 18:01:32,332 - telemetry_logger - ERROR - Error: BadRequest - 400 Bad Request: The browser (or proxy) sent a request that this server could not understand.
2025-09-25 18:01:32,360 - telemetry_logger - INFO - Health check requested
2025-09-25 18:01:32,364 - telemetry_logger - INFO - Telemetry Event - Operation: StoreConfigurationServer::FilterUnsupportedSystemFeaturesAsync, PFN: Microsoft.WindowsStore_22507.1401.7.0_x64__8wekyb3d8bbwe
2025-09-25 18:01:32,364 - telemetry_logger - ERROR - Error: OperationalError - 41 values for 43 columns
2025-09-25 18:38:51,658 - telemetry_logger - INFO - Health check requested
2025-09-25 18:43:38,347 - telemetry_logger - INFO - Health check requested
2025-09-25 18:44:10,267 - telemetry_logger - INFO - Health check requested
2025-09-25 18:44:39,140 - telemetry_logger - INFO - Health check requested
2025-09-25 18:45:09,184 - telemetry_logger - INFO - Health check requested
2025-09-25 18:45:41,987 - telemetry_logger - INFO - Health check requested
2025-09-25 18:46:09,023 - telemetry_logger - INFO - Health check requested
2025-09-25 18:46:39,084 - telemetry_logger - INFO - Health check requested
2025-09-25 18:47:09,344 - telemetry_logger - INFO - Health check requested
2025-09-25 18:47:39,028 - telemetry_logger - INFO - Health check requested
2025-09-25 18:49:07,347 - telemetry_logger - INFO - Health check requested
2025-09-25 18:50:07,035 - telemetry_logger - INFO - Health check requested
2025-09-25 18:50:39,340 - telemetry_logger - INFO - Health check requested
2025-09-25 18:51:09,340 - telemetry_logger - INFO - Health check requested
2025-09-25 18:52:07,034 - telemetry_logger - INFO - Health check requested
2025-09-25 18:53:07,032 - telemetry_logger - INFO - Health check requested
2025-09-25 18:54:07,058 - telemetry_logger - INFO - Health check requested
2025-09-25 18:55:07,343 - telemetry_logger - INFO - Health check requested
2025-09-25 18:55:54,498 - telemetry_logger - INFO - Health check requested
2025-09-25 18:57:35,573 - telemetry_logger - INFO - Health check requested
2025-09-25 18:59:21,897 - telemetry_logger - INFO - Health check requested
2025-09-25 18:59:23,938 - telemetry_logger - INFO - Telemetry Event - Operation: CustomStoreOperation::ProcessUserData, PFN: Microsoft.WindowsStore_22507.1401.7.0_x64__8wekyb3d8bbwe
2025-09-25 18:59:23,971 - telemetry_logger - ERROR - Error: OperationalError - 41 values for 43 columns
2025-09-25 18:59:26,001 - telemetry_logger - INFO - Telemetry Event - Operation: CustomBatchOperation::ProcessMultipleItems, PFN: Microsoft.WindowsStore_22507.1401.7.0_x64__8wekyb3d8bbwe
2025-09-25 18:59:26,005 - telemetry_logger - ERROR - Error: OperationalError - 41 values for 43 columns
2025-09-25 18:59:26,006 - telemetry_logger - INFO - Telemetry Event - Operation: CustomBatchOperation::ProcessMultipleItems, PFN: Microsoft.WindowsStore_22507.1401.7.0_x64__8wekyb3d8bbwe
2025-09-25 18:59:26,012 - telemetry_logger - ERROR - Error: OperationalError - 41 values for 43 columns
2025-09-25 18:59:26,013 - telemetry_logger - INFO - Telemetry Event - Operation: CustomBatchOperation::ProcessMultipleItems, PFN: Microsoft.WindowsStore_22507.1401.7.0_x64__8wekyb3d8bbwe
2025-09-25 18:59:26,016 - telemetry_logger - ERROR - Error: OperationalError - 41 values for 43 columns
2025-09-25 18:59:26,016 - telemetry_logger - INFO - Batch processing completed: 0/3 events processed successfully
2025-09-25 19:01:02,317 - telemetry_logger - INFO - Health check requested
2025-09-25 19:01:04,365 - telemetry_logger - INFO - Telemetry Event - Operation: CustomStoreOperation::ProcessUserData, PFN: Microsoft.WindowsStore_22507.1401.7.0_x64__8wekyb3d8bbwe
2025-09-25 19:01:04,365 - telemetry_logger - ERROR - Error: OperationalError - 41 values for 43 columns
2025-09-25 19:01:06,408 - telemetry_logger - INFO - Telemetry Event - Operation: CustomBatchOperation::ProcessMultipleItems, PFN: Microsoft.WindowsStore_22507.1401.7.0_x64__8wekyb3d8bbwe
2025-09-25 19:01:06,412 - telemetry_logger - ERROR - Error: OperationalError - 41 values for 43 columns
2025-09-25 19:01:06,413 - telemetry_logger - INFO - Telemetry Event - Operation: CustomBatchOperation::ProcessMultipleItems, PFN: Microsoft.WindowsStore_22507.1401.7.0_x64__8wekyb3d8bbwe
2025-09-25 19:01:06,414 - telemetry_logger - ERROR - Error: OperationalError - 41 values for 43 columns
2025-09-25 19:01:06,417 - telemetry_logger - INFO - Telemetry Event - Operation: CustomBatchOperation::ProcessMultipleItems, PFN: Microsoft.WindowsStore_22507.1401.7.0_x64__8wekyb3d8bbwe
2025-09-25 19:01:06,422 - telemetry_logger - ERROR - Error: OperationalError - 41 values for 43 columns
2025-09-25 19:01:06,423 - telemetry_logger - INFO - Batch processing completed: 0/3 events processed successfully
2025-09-25 19:39:03,671 - telemetry_logger - INFO - Health check requested
2025-09-25 19:39:07,802 - telemetry_logger - INFO - Telemetry Event - Operation: TestOperation, PFN: TestApp
2025-09-25 19:39:07,825 - telemetry_logger - ERROR - Error: OperationalError - 41 values for 43 columns
2025-09-25 19:39:09,854 - telemetry_logger - INFO - Telemetry Event - Operation: BatchTest, PFN: TestApp
2025-09-25 19:39:09,856 - telemetry_logger - ERROR - Error: OperationalError - 41 values for 43 columns
2025-09-25 19:39:09,856 - telemetry_logger - INFO - Batch processing completed: 0/1 events processed successfully
2025-09-30 15:21:25,547 - telemetry_logger - INFO - No GPU found, using CPU
2025-09-30 15:21:27,228 - telemetry_logger - INFO - Health check requested
2025-09-30 15:21:27,232 - telemetry_logger - INFO - Telemetry Event - Operation: StoreConfigurationServer::FilterUnsupportedSystemFeaturesAsync, PFN: Microsoft.WindowsStore_22507.1401.7.0_x64__8wekyb3d8bbwe
2025-09-30 15:21:27,232 - telemetry_logger - ERROR - Error: AttributeError - 'DatabaseManager' object has no attribute 'session'
2025-09-30 15:21:28,046 - telemetry_logger - INFO - Telemetry Event - Operation: StoreConfigurationServer::FilterUnsupportedSystemFeaturesAsync, PFN: Microsoft.WindowsStore_22507.1401.7.0_x64__8wekyb3d8bbwe
2025-09-30 15:21:28,046 - telemetry_logger - ERROR - Error: AttributeError - 'DatabaseManager' object has no attribute 'session'
2025-09-30 15:21:28,046 - telemetry_logger - INFO - Telemetry Event - Operation: StoreConfigurationServer::FilterUnsupportedSystemFeaturesAsync, PFN: Microsoft.WindowsStore_22507.1401.7.0_x64__8wekyb3d8bbwe
2025-09-30 15:21:28,046 - telemetry_logger - ERROR - Error: AttributeError - 'DatabaseManager' object has no attribute 'session'
2025-09-30 15:21:28,046 - telemetry_logger - INFO - Batch processing completed: 0/2 events processed successfully
2025-09-30 15:21:28,051 - telemetry_logger - ERROR - Error: AttributeError - 'DatabaseManager' object has no attribute 'session'
2025-09-30 15:21:28,119 - telemetry_logger - ERROR - Error: BadRequest - 400 Bad Request: The browser (or proxy) sent a request that this server could not understand.
2025-09-30 15:21:28,146 - telemetry_logger - INFO - Health check requested
2025-09-30 15:21:28,149 - telemetry_logger - INFO - Telemetry Event - Operation: StoreConfigurationServer::FilterUnsupportedSystemFeaturesAsync, PFN: Microsoft.WindowsStore_22507.1401.7.0_x64__8wekyb3d8bbwe
2025-09-30 15:21:28,149 - telemetry_logger - ERROR - Error: AttributeError - 'DatabaseManager' object has no attribute 'session'
2025-09-30 16:39:05,181 - telemetry_logger - INFO - No GPU found, using CPU
2025-09-30 16:39:05,599 - telemetry_logger - INFO - No GPU found, using CPU
2025-09-30 16:39:05,646 - telemetry_logger - INFO - Health check requested
2025-09-30 16:39:05,655 - telemetry_logger - INFO - Telemetry Event - Operation: StoreConfigurationServer::FilterUnsupportedSystemFeaturesAsync, PFN: Microsoft.WindowsStore_22507.1401.7.0_x64__8wekyb3d8bbwe
2025-09-30 16:39:05,702 - telemetry_logger - INFO - Telemetry Event - Operation: StoreConfigurationServer::FilterUnsupportedSystemFeaturesAsync, PFN: Microsoft.WindowsStore_22507.1401.7.0_x64__8wekyb3d8bbwe
2025-09-30 16:39:05,711 - telemetry_logger - INFO - Telemetry Event - Operation: StoreConfigurationServer::FilterUnsupportedSystemFeaturesAsync, PFN: Microsoft.WindowsStore_22507.1401.7.0_x64__8wekyb3d8bbwe
2025-09-30 16:39:05,739 - telemetry_logger - INFO - Batch processing completed: 2/2 events processed successfully
2025-09-30 16:39:08,182 - telemetry_logger - ERROR - Error: BadRequest - 400 Bad Request: The browser (or proxy) sent a request that this server could not understand.
2025-09-30 16:39:08,205 - telemetry_logger - INFO - Health check requested
2025-09-30 16:39:08,208 - telemetry_logger - INFO - Telemetry Event - Operation: StoreConfigurationServer::FilterUnsupportedSystemFeaturesAsync, PFN: Microsoft.WindowsStore_22507.1401.7.0_x64__8wekyb3d8bbwe
2025-09-30 16:39:08,223 - telemetry_logger - INFO - Telemetry Event - Operation: StoreConfigurationServer::FilterUnsupportedSystemFeaturesAsync, PFN: Microsoft.WindowsStore_22507.1401.7.0_x64__8wekyb3d8bbwe
2025-09-30 16:39:08,227 - telemetry_logger - INFO - Telemetry Event - Operation: StoreConfigurationServer::FilterUnsupportedSystemFeaturesAsync, PFN: Microsoft.WindowsStore_22507.1401.7.0_x64__8wekyb3d8bbwe
2025-09-30 16:39:08,235 - telemetry_logger - INFO - Batch processing completed: 2/2 events processed successfully
2025-09-30 16:48:54,735 - telemetry_logger - INFO - No GPU found, using CPU
2025-09-30 16:48:54,878 - telemetry_logger - INFO - No GPU found, using CPU
2025-09-30 16:48:54,893 - telemetry_logger - INFO - Health check requested
2025-09-30 16:48:54,893 - telemetry_logger - INFO - Telemetry Event - Operation: StoreConfigurationServer::FilterUnsupportedSystemFeaturesAsync, PFN: Microsoft.WindowsStore_22507.1401.7.0_x64__8wekyb3d8bbwe
2025-09-30 16:48:54,931 - telemetry_logger - INFO - Telemetry Event - Operation: StoreConfigurationServer::FilterUnsupportedSystemFeaturesAsync, PFN: Microsoft.WindowsStore_22507.1401.7.0_x64__8wekyb3d8bbwe
2025-09-30 16:48:54,939 - telemetry_logger - INFO - Telemetry Event - Operation: StoreConfigurationServer::FilterUnsupportedSystemFeaturesAsync, PFN: Microsoft.WindowsStore_22507.1401.7.0_x64__8wekyb3d8bbwe
2025-09-30 16:48:54,942 - telemetry_logger - INFO - Batch processing completed: 2/2 events processed successfully
2025-09-30 16:48:55,835 - telemetry_logger - ERROR - Error: BadRequest - 400 Bad Request: The browser (or proxy) sent a request that this server could not understand.
2025-09-30 16:48:55,852 - telemetry_logger - INFO - Health check requested
2025-09-30 16:48:55,854 - telemetry_logger - INFO - Telemetry Event - Operation: StoreConfigurationServer::FilterUnsupportedSystemFeaturesAsync, PFN: Microsoft.WindowsStore_22507.1401.7.0_x64__8wekyb3d8bbwe
2025-09-30 16:48:55,862 - telemetry_logger - INFO - Telemetry Event - Operation: StoreConfigurationServer::FilterUnsupportedSystemFeaturesAsync, PFN: Microsoft.WindowsStore_22507.1401.7.0_x64__8wekyb3d8bbwe
2025-09-30 16:48:55,871 - telemetry_logger - INFO - Telemetry Event - Operation: StoreConfigurationServer::FilterUnsupportedSystemFeaturesAsync, PFN: Microsoft.WindowsStore_22507.1401.7.0_x64__8wekyb3d8bbwe
2025-09-30 16:48:55,875 - telemetry_logger - INFO - Batch processing completed: 2/2 events processed successfully
2025-09-30 16:51:22,573 - telemetry_logger - INFO - No GPU found, using CPU
2025-09-30 16:51:22,768 - telemetry_logger - INFO - No GPU found, using CPU
2025-09-30 16:51:22,788 - telemetry_logger - INFO - Health check requested
2025-09-30 16:51:22,799 - telemetry_logger - INFO - Telemetry Event - Operation: StoreConfigurationServer::FilterUnsupportedSystemFeaturesAsync, PFN: Microsoft.WindowsStore_22507.1401.7.0_x64__8wekyb3d8bbwe
2025-09-30 16:51:22,840 - telemetry_logger - INFO - Telemetry Event - Operation: StoreConfigurationServer::FilterUnsupportedSystemFeaturesAsync, PFN: Microsoft.WindowsStore_22507.1401.7.0_x64__8wekyb3d8bbwe
2025-09-30 16:51:22,854 - telemetry_logger - INFO - Telemetry Event - Operation: StoreConfigurationServer::FilterUnsupportedSystemFeaturesAsync, PFN: Microsoft.WindowsStore_22507.1401.7.0_x64__8wekyb3d8bbwe
2025-09-30 16:51:22,868 - telemetry_logger - INFO - Batch processing completed: 2/2 events processed successfully
2025-09-30 16:51:24,172 - telemetry_logger - INFO - Health check requested
2025-09-30 16:51:24,174 - telemetry_logger - INFO - Telemetry Event - Operation: StoreConfigurationServer::FilterUnsupportedSystemFeaturesAsync, PFN: Microsoft.WindowsStore_22507.1401.7.0_x64__8wekyb3d8bbwe
2025-09-30 16:51:24,192 - telemetry_logger - INFO - Telemetry Event - Operation: StoreConfigurationServer::FilterUnsupportedSystemFeaturesAsync, PFN: Microsoft.WindowsStore_22507.1401.7.0_x64__8wekyb3d8bbwe
2025-09-30 16:51:24,203 - telemetry_logger - INFO - Telemetry Event - Operation: StoreConfigurationServer::FilterUnsupportedSystemFeaturesAsync, PFN: Microsoft.WindowsStore_22507.1401.7.0_x64__8wekyb3d8bbwe
2025-09-30 16:51:24,207 - telemetry_logger - INFO - Batch processing completed: 2/2 events processed successfully
2025-09-30 16:59:22,089 - telemetry_logger - INFO - No GPU found, using CPU
2025-09-30 16:59:22,291 - telemetry_logger - INFO - No GPU found, using CPU
2025-09-30 16:59:22,327 - telemetry_logger - INFO - Health check requested
2025-09-30 16:59:22,342 - telemetry_logger - INFO - Telemetry Event - Operation: StoreConfigurationServer::FilterUnsupportedSystemFeaturesAsync, PFN: Microsoft.WindowsStore_22507.1401.7.0_x64__8wekyb3d8bbwe
2025-09-30 16:59:22,382 - telemetry_logger - INFO - Telemetry Event - Operation: StoreConfigurationServer::FilterUnsupportedSystemFeaturesAsync, PFN: Microsoft.WindowsStore_22507.1401.7.0_x64__8wekyb3d8bbwe
2025-09-30 16:59:22,389 - telemetry_logger - INFO - Telemetry Event - Operation: StoreConfigurationServer::FilterUnsupportedSystemFeaturesAsync, PFN: Microsoft.WindowsStore_22507.1401.7.0_x64__8wekyb3d8bbwe
2025-09-30 16:59:22,394 - telemetry_logger - INFO - Batch processing completed: 2/2 events processed successfully
2025-09-30 16:59:22,576 - telemetry_logger - INFO - Anomaly detection model trained
2025-09-30 16:59:22,598 - telemetry_logger - INFO - Health check requested
2025-09-30 16:59:22,600 - telemetry_logger - INFO - Telemetry Event - Operation: StoreConfigurationServer::FilterUnsupportedSystemFeaturesAsync, PFN: Microsoft.WindowsStore_22507.1401.7.0_x64__8wekyb3d8bbwe
2025-09-30 16:59:22,606 - telemetry_logger - INFO - Telemetry Event - Operation: StoreConfigurationServer::FilterUnsupportedSystemFeaturesAsync, PFN: Microsoft.WindowsStore_22507.1401.7.0_x64__8wekyb3d8bbwe
2025-09-30 16:59:22,612 - telemetry_logger - INFO - Telemetry Event - Operation: StoreConfigurationServer::FilterUnsupportedSystemFeaturesAsync, PFN: Microsoft.WindowsStore_22507.1401.7.0_x64__8wekyb3d8bbwe
2025-09-30 16:59:22,617 - telemetry_logger - INFO - Batch processing completed: 2/2 events processed successfully
2025-09-30 17:00:13,089 - telemetry_logger - INFO - No GPU found, using CPU
2025-09-30 17:00:13,360 - telemetry_logger - INFO - No GPU found, using CPU
2025-09-30 17:21:35,073 - telemetry_logger - INFO - No GPU found, using CPU
2025-09-30 17:21:35,295 - telemetry_logger - INFO - No GPU found, using CPU
2025-09-30 17:21:35,334 - telemetry_logger - INFO - Health check requested
2025-09-30 17:21:35,344 - telemetry_logger - INFO - Telemetry Event - Operation: StoreConfigurationServer::FilterUnsupportedSystemFeaturesAsync, PFN: Microsoft.WindowsStore_22507.1401.7.0_x64__8wekyb3d8bbwe
2025-09-30 17:21:35,382 - telemetry_logger - INFO - Telemetry Event - Operation: StoreConfigurationServer::FilterUnsupportedSystemFeaturesAsync, PFN: Microsoft.WindowsStore_22507.1401.7.0_x64__8wekyb3d8bbwe
2025-09-30 17:21:35,395 - telemetry_logger - INFO - Telemetry Event - Operation: StoreConfigurationServer::FilterUnsupportedSystemFeaturesAsync, PFN: Microsoft.WindowsStore_22507.1401.7.0_x64__8wekyb3d8bbwe
2025-09-30 17:21:35,402 - telemetry_logger - INFO - Batch processing completed: 2/2 events processed successfully
2025-09-30 17:21:35,580 - telemetry_logger - INFO - Anomaly detection model trained
2025-09-30 17:21:35,605 - telemetry_logger - INFO - Health check requested
2025-09-30 17:21:35,606 - telemetry_logger - INFO - Telemetry Event - Operation: StoreConfigurationServer::FilterUnsupportedSystemFeaturesAsync, PFN: Microsoft.WindowsStore_22507.1401.7.0_x64__8wekyb3d8bbwe
2025-09-30 17:21:35,621 - telemetry_logger - INFO - Telemetry Event - Operation: StoreConfigurationServer::FilterUnsupportedSystemFeaturesAsync, PFN: Microsoft.WindowsStore_22507.1401.7.0_x64__8wekyb3d8bbwe
2025-09-30 17:21:35,633 - telemetry_logger - INFO - Telemetry Event - Operation: StoreConfigurationServer::FilterUnsupportedSystemFeaturesAsync, PFN: Microsoft.WindowsStore_22507.1401.7.0_x64__8wekyb3d8bbwe
2025-09-30 17:21:35,645 - telemetry_logger - INFO - Batch processing completed: 2/2 events processed successfully
2025-09-30 17:22:28,191 - telemetry_logger - INFO - No GPU found, using CPU
2025-09-30 17:22:28,341 - telemetry_logger - INFO - No GPU found, using CPU
2025-09-30 17:22:28,369 - telemetry_logger - INFO - Health check requested
2025-09-30 17:22:28,377 - telemetry_logger - INFO - Telemetry Event - Operation: StoreConfigurationServer::FilterUnsupportedSystemFeaturesAsync, PFN: Microsoft.WindowsStore_22507.1401.7.0_x64__8wekyb3d8bbwe
2025-09-30 17:22:28,421 - telemetry_logger - INFO - Telemetry Event - Operation: StoreConfigurationServer::FilterUnsupportedSystemFeaturesAsync, PFN: Microsoft.WindowsStore_22507.1401.7.0_x64__8wekyb3d8bbwe
2025-09-30 17:22:28,437 - telemetry_logger - INFO - Telemetry Event - Operation: StoreConfigurationServer::FilterUnsupportedSystemFeaturesAsync, PFN: Microsoft.WindowsStore_22507.1401.7.0_x64__8wekyb3d8bbwe
2025-09-30 17:22:28,446 - telemetry_logger - INFO - Batch processing completed: 2/2 events processed successfully
2025-09-30 17:22:28,621 - telemetry_logger - INFO - Anomaly detection model trained
2025-09-30 17:22:28,645 - telemetry_logger - INFO - Health check requested
2025-09-30 17:22:28,646 - telemetry_logger - INFO - Telemetry Event - Operation: StoreConfigurationServer::FilterUnsupportedSystemFeaturesAsync, PFN: Microsoft.WindowsStore_22507.1401.7.0_x64__8wekyb3d8bbwe
2025-09-30 17:22:28,659 - telemetry_logger - INFO - Telemetry Event - Operation: StoreConfigurationServer::FilterUnsupportedSystemFeaturesAsync, PFN: Microsoft.WindowsStore_22507.1401.7.0_x64__8wekyb3d8bbwe
2025-09-30 17:22:28,664 - telemetry_logger - INFO - Telemetry Event - Operation: StoreConfigurationServer::FilterUnsupportedSystemFeaturesAsync, PFN: Microsoft.WindowsStore_22507.1401.7.0_x64__8wekyb3d8bbwe
2025-09-30 17:22:28,670 - telemetry_logger - INFO - Batch processing completed: 2/2 events processed successfully
2025-09-30 17:22:28,760 - telemetry_logger - INFO - Anomaly detection model trained
2025-09-30 17:26:06,894 - telemetry_logger - INFO - No GPU found, using CPU
2025-09-30 17:26:07,074 - telemetry_logger - INFO - No GPU found, using CPU
2025-09-30 17:26:07,095 - telemetry_logger - INFO - Health check requested
2025-09-30 17:26:07,106 - telemetry_logger - INFO - Telemetry Event - Operation: StoreConfigurationServer::FilterUnsupportedSystemFeaturesAsync, PFN: Microsoft.WindowsStore_22507.1401.7.0_x64__8wekyb3d8bbwe
2025-09-30 17:26:07,136 - telemetry_logger - INFO - Telemetry Event - Operation: StoreConfigurationServer::FilterUnsupportedSystemFeaturesAsync, PFN: Microsoft.WindowsStore_22507.1401.7.0_x64__8wekyb3d8bbwe
2025-09-30 17:26:07,144 - telemetry_logger - INFO - Telemetry Event - Operation: StoreConfigurationServer::FilterUnsupportedSystemFeaturesAsync, PFN: Microsoft.WindowsStore_22507.1401.7.0_x64__8wekyb3d8bbwe
2025-09-30 17:26:07,151 - telemetry_logger - INFO - Batch processing completed: 2/2 events processed successfully
2025-09-30 17:26:07,324 - telemetry_logger - INFO - Anomaly detection model trained
2025-09-30 17:26:07,346 - telemetry_logger - INFO - Health check requested
2025-09-30 17:26:07,347 - telemetry_logger - INFO - Telemetry Event - Operation: StoreConfigurationServer::FilterUnsupportedSystemFeaturesAsync, PFN: Microsoft.WindowsStore_22507.1401.7.0_x64__8wekyb3d8bbwe
2025-09-30 17:26:07,357 - telemetry_logger - INFO - Telemetry Event - Operation: StoreConfigurationServer::FilterUnsupportedSystemFeaturesAsync, PFN: Microsoft.WindowsStore_22507.1401.7.0_x64__8wekyb3d8bbwe
2025-09-30 17:26:07,366 - telemetry_logger - INFO - Telemetry Event - Operation: StoreConfigurationServer::FilterUnsupportedSystemFeaturesAsync, PFN: Microsoft.WindowsStore_22507.1401.7.0_x64__8wekyb3d8bbwe
2025-09-30 17:26:07,373 - telemetry_logger - INFO - Batch processing completed: 2/2 events processed successfully
2025-09-30 17:26:07,470 - telemetry_logger - INFO - Anomaly detection model trained
2025-09-30 17:26:38,272 - telemetry_logger - INFO - No GPU found, using CPU
2025-09-30 17:26:38,568 - telemetry_logger - INFO - No GPU found, using CPU
2025-09-30 17:26:38,602 - telemetry_logger - INFO - Health check requested
2025-09-30 17:26:38,610 - telemetry_logger - INFO - Telemetry Event - Operation: StoreConfigurationServer::FilterUnsupportedSystemFeaturesAsync, PFN: Microsoft.WindowsStore_22507.1401.7.0_x64__8wekyb3d8bbwe
2025-09-30 17:26:38,634 - telemetry_logger - INFO - Telemetry Event - Operation: StoreConfigurationServer::FilterUnsupportedSystemFeaturesAsync, PFN: Microsoft.WindowsStore_22507.1401.7.0_x64__8wekyb3d8bbwe
2025-09-30 17:26:38,640 - telemetry_logger - INFO - Telemetry Event - Operation: StoreConfigurationServer::FilterUnsupportedSystemFeaturesAsync, PFN: Microsoft.WindowsStore_22507.1401.7.0_x64__8wekyb3d8bbwe
2025-09-30 17:26:38,648 - telemetry_logger - INFO - Batch processing completed: 2/2 events processed successfully
2025-09-30 17:26:38,876 - telemetry_logger - INFO - Anomaly detection model trained
2025-09-30 17:26:38,942 - telemetry_logger - INFO - Health check requested
2025-09-30 17:26:38,948 - telemetry_logger - INFO - Telemetry Event - Operation: StoreConfigurationServer::FilterUnsupportedSystemFeaturesAsync, PFN: Microsoft.WindowsStore_22507.1401.7.0_x64__8wekyb3d8bbwe
2025-09-30 17:26:38,958 - telemetry_logger - INFO - Telemetry Event - Operation: StoreConfigurationServer::FilterUnsupportedSystemFeaturesAsync, PFN: Microsoft.WindowsStore_22507.1401.7.0_x64__8wekyb3d8bbwe
2025-09-30 17:26:38,964 - telemetry_logger - INFO - Telemetry Event - Operation: StoreConfigurationServer::FilterUnsupportedSystemFeaturesAsync, PFN: Microsoft.WindowsStore_22507.1401.7.0_x64__8wekyb3d8bbwe
2025-09-30 17:26:38,987 - telemetry_logger - INFO - Batch processing completed: 2/2 events processed successfully
2025-09-30 17:26:39,172 - telemetry_logger - INFO - Anomaly detection model trained
2025-10-01 15:24:03,426 - telemetry_logger - INFO - No GPU found, using CPU
2025-10-01 15:24:03,864 - telemetry_logger - INFO - No GPU found, using CPU
2025-10-01 15:24:04,136 - telemetry_logger - INFO - Health check requested
2025-10-01 15:24:04,147 - telemetry_logger - INFO - Telemetry Event - Operation: StoreConfigurationServer::FilterUnsupportedSystemFeaturesAsync, PFN: Microsoft.WindowsStore_22507.1401.7.0_x64__8wekyb3d8bbwe
2025-10-01 15:24:04,174 - telemetry_logger - INFO - Telemetry Event - Operation: StoreConfigurationServer::FilterUnsupportedSystemFeaturesAsync, PFN: Microsoft.WindowsStore_22507.1401.7.0_x64__8wekyb3d8bbwe
2025-10-01 15:24:04,182 - telemetry_logger - INFO - Telemetry Event - Operation: StoreConfigurationServer::FilterUnsupportedSystemFeaturesAsync, PFN: Microsoft.WindowsStore_22507.1401.7.0_x64__8wekyb3d8bbwe
2025-10-01 15:24:04,191 - telemetry_logger - INFO - Batch processing completed: 2/2 events processed successfully
2025-10-01 15:24:04,336 - telemetry_logger - INFO - Anomaly detection model trained
2025-10-01 15:24:04,349 - telemetry_logger - INFO - Health check requested
2025-10-01 15:24:04,350 - telemetry_logger - INFO - Telemetry Event - Operation: StoreConfigurationServer::FilterUnsupportedSystemFeaturesAsync, PFN: Microsoft.WindowsStore_22507.1401.7.0_x64__8wekyb3d8bbwe
2025-10-01 15:24:04,357 - telemetry_logger - INFO - Telemetry Event - Operation: StoreConfigurationServer::FilterUnsupportedSystemFeaturesAsync, PFN: Microsoft.WindowsStore_22507.1401.7.0_x64__8wekyb3d8bbwe
2025-10-01 15:24:04,361 - telemetry_logger - INFO - Telemetry Event - Operation: StoreConfigurationServer::FilterUnsupportedSystemFeaturesAsync, PFN: Microsoft.WindowsStore_22507.1401.7.0_x64__8wekyb3d8bbwe
2025-10-01 15:24:04,363 - telemetry_logger - INFO - Batch processing completed: 2/2 events processed successfully
2025-10-01 15:24:04,439 - telemetry_logger - INFO - Anomaly detection model trained
2025-10-01 15:28:58,644 - telemetry_logger - INFO - No GPU found, using CPU
2025-10-01 15:28:58,777 - telemetry_logger - INFO - No GPU found, using CPU
2025-10-01 15:28:58,839 - telemetry_logger - INFO - Health check requested
2025-10-01 15:28:58,846 - telemetry_logger - INFO - Telemetry Event - Operation: StoreConfigurationServer::FilterUnsupportedSystemFeaturesAsync, PFN: Microsoft.WindowsStore_22507.1401.7.0_x64__8wekyb3d8bbwe
2025-10-01 15:28:58,861 - telemetry_logger - INFO - Telemetry Event - Operation: StoreConfigurationServer::FilterUnsupportedSystemFeaturesAsync, PFN: Microsoft.WindowsStore_22507.1401.7.0_x64__8wekyb3d8bbwe
2025-10-01 15:28:58,864 - telemetry_logger - INFO - Telemetry Event - Operation: StoreConfigurationServer::FilterUnsupportedSystemFeaturesAsync, PFN: Microsoft.WindowsStore_22507.1401.7.0_x64__8wekyb3d8bbwe
2025-10-01 15:28:58,866 - telemetry_logger - INFO - Batch processing completed: 2/2 events processed successfully
2025-10-01 15:28:58,955 - telemetry_logger - INFO - Anomaly detection model trained
2025-10-01 15:28:58,985 - telemetry_logger - INFO - Health check requested
2025-10-01 15:28:58,985 - telemetry_logger - INFO - Telemetry Event - Operation: StoreConfigurationServer::FilterUnsupportedSystemFeaturesAsync, PFN: Microsoft.WindowsStore_22507.1401.7.0_x64__8wekyb3d8bbwe
2025-10-01 15:28:58,995 - telemetry_logger - INFO - Telemetry Event - Operation: StoreConfigurationServer::FilterUnsupportedSystemFeaturesAsync, PFN: Microsoft.WindowsStore_22507.1401.7.0_x64__8wekyb3d8bbwe
2025-10-01 15:28:59,000 - telemetry_logger - INFO - Telemetry Event - Operation: StoreConfigurationServer::FilterUnsupportedSystemFeaturesAsync, PFN: Microsoft.WindowsStore_22507.1401.7.0_x64__8wekyb3d8bbwe
2025-10-01 15:28:59,002 - telemetry_logger - INFO - Batch processing completed: 2/2 events processed successfully
2025-10-01 15:28:59,062 - telemetry_logger - INFO - Anomaly detection model trained
2025-10-01 15:29:08,832 - telemetry_logger - INFO - No GPU found, using CPU
2025-10-01 15:29:08,993 - telemetry_logger - INFO - No GPU found, using CPU
2025-10-01 15:31:07,776 - telemetry_logger - INFO - No GPU found, using CPU
2025-10-01 15:31:07,876 - telemetry_logger - INFO - No GPU found, using CPU
2025-10-01 15:31:07,951 - telemetry_logger - INFO - Health check requested
2025-10-01 15:31:07,958 - telemetry_logger - INFO - Telemetry Event - Operation: StoreConfigurationServer::FilterUnsupportedSystemFeaturesAsync, PFN: Microsoft.WindowsStore_22507.1401.7.0_x64__8wekyb3d8bbwe
2025-10-01 15:31:07,980 - telemetry_logger - INFO - Telemetry Event - Operation: StoreConfigurationServer::FilterUnsupportedSystemFeaturesAsync, PFN: Microsoft.WindowsStore_22507.1401.7.0_x64__8wekyb3d8bbwe
2025-10-01 15:31:07,993 - telemetry_logger - INFO - Telemetry Event - Operation: StoreConfigurationServer::FilterUnsupportedSystemFeaturesAsync, PFN: Microsoft.WindowsStore_22507.1401.7.0_x64__8wekyb3d8bbwe
2025-10-01 15:31:08,004 - telemetry_logger - INFO - Batch processing completed: 2/2 events processed successfully
2025-10-01 15:31:08,114 - telemetry_logger - INFO - Anomaly detection model trained
2025-10-01 15:31:08,138 - telemetry_logger - INFO - Health check requested
2025-10-01 15:31:08,138 - telemetry_logger - INFO - Telemetry Event - Operation: StoreConfigurationServer::FilterUnsupportedSystemFeaturesAsync, PFN: Microsoft.WindowsStore_22507.1401.7.0_x64__8wekyb3d8bbwe
2025-10-01 15:31:08,138 - telemetry_logger - INFO - Telemetry Event - Operation: StoreConfigurationServer::FilterUnsupportedSystemFeaturesAsync, PFN: Microsoft.WindowsStore_22507.1401.7.0_x64__8wekyb3d8bbwe
2025-10-01 15:31:08,151 - telemetry_logger - INFO - Telemetry Event - Operation: StoreConfigurationServer::FilterUnsupportedSystemFeaturesAsync, PFN: Microsoft.WindowsStore_22507.1401.7.0_x64__8wekyb3d8bbwe
2025-10-01 15:31:08,160 - telemetry_logger - INFO - Batch processing completed: 2/2 events processed successfully
2025-10-01 15:31:08,237 - telemetry_logger - INFO - Anomaly detection model trained
2025-10-01 15:31:32,282 - telemetry_logger - INFO - No GPU found, using CPU
2025-10-01 15:31:32,472 - telemetry_logger - INFO - No GPU found, using CPU
2025-10-01 15:31:32,489 - telemetry_logger - INFO - Health check requested
2025-10-01 15:31:45,757 - telemetry_logger - INFO - No GPU found, using CPU
2025-10-01 15:31:45,976 - telemetry_logger - INFO - No GPU found, using CPU
2025-10-01 15:47:25,798 - telemetry_logger - INFO - No GPU found, using CPU
2025-10-01 15:47:25,976 - telemetry_logger - INFO - No GPU found, using CPU
2025-10-01 15:47:25,999 - telemetry_logger - INFO - Health check requested
2025-10-01 15:47:47,142 - telemetry_logger - INFO - No GPU found, using CPU
2025-10-01 15:47:47,269 - telemetry_logger - INFO - No GPU found, using CPU
2025-10-01 15:47:47,284 - telemetry_logger - INFO - Health check requested
2025-10-01 15:54:54,428 - telemetry_logger - INFO - No GPU found, using CPU
2025-10-01 15:54:54,667 - telemetry_logger - INFO - No GPU found, using CPU
2025-10-01 15:54:54,689 - telemetry_logger - INFO - Health check requested
2025-10-01 15:54:54,689 - telemetry_logger - INFO - Telemetry Event - Operation: StoreConfigurationServer::FilterUnsupportedSystemFeaturesAsync, PFN: Microsoft.WindowsStore_22507.1401.7.0_x64__8wekyb3d8bbwe
2025-10-01 15:54:54,737 - telemetry_logger - INFO - Telemetry Event - Operation: StoreConfigurationServer::FilterUnsupportedSystemFeaturesAsync, PFN: Microsoft.WindowsStore_22507.1401.7.0_x64__8wekyb3d8bbwe
2025-10-01 15:54:54,737 - telemetry_logger - INFO - Telemetry Event - Operation: StoreConfigurationServer::FilterUnsupportedSystemFeaturesAsync, PFN: Microsoft.WindowsStore_22507.1401.7.0_x64__8wekyb3d8bbwe
2025-10-01 15:54:54,743 - telemetry_logger - INFO - Telemetry Event - Operation: StoreConfigurationServer::FilterUnsupportedSystemFeaturesAsync, PFN: Microsoft.WindowsStore_22507.1401.7.0_x64__8wekyb3d8bbwe
2025-10-01 15:54:54,746 - telemetry_logger - INFO - Telemetry Event - Operation: StoreConfigurationServer::FilterUnsupportedSystemFeaturesAsync, PFN: Microsoft.WindowsStore_22507.1401.7.0_x64__8wekyb3d8bbwe
2025-10-01 15:55:38,496 - telemetry_logger - INFO - No GPU found, using CPU
2025-10-01 15:55:38,646 - telemetry_logger - INFO - No GPU found, using CPU
2025-10-01 15:56:35,346 - telemetry_logger - INFO - No GPU found, using CPU
2025-10-01 15:56:35,559 - telemetry_logger - INFO - No GPU found, using CPU
2025-10-01 15:57:19,876 - telemetry_logger - INFO - No GPU found, using CPU
2025-10-01 15:57:20,044 - telemetry_logger - INFO - No GPU found, using CPU
2025-10-01 15:57:51,734 - telemetry_logger - INFO - No GPU found, using CPU
2025-10-01 15:57:51,904 - telemetry_logger - INFO - No GPU found, using CPU
2025-10-01 15:57:51,934 - telemetry_logger - INFO - Health check requested
2025-10-01 15:57:51,941 - telemetry_logger - INFO - Telemetry Event - Operation: StoreConfigurationServer::FilterUnsupportedSystemFeaturesAsync, PFN: Microsoft.WindowsStore_22507.1401.7.0_x64__8wekyb3d8bbwe
2025-10-01 15:57:52,006 - telemetry_logger - INFO - Telemetry Event - Operation: StoreConfigurationServer::FilterUnsupportedSystemFeaturesAsync, PFN: Microsoft.WindowsStore_22507.1401.7.0_x64__8wekyb3d8bbwe
2025-10-01 15:57:52,009 - telemetry_logger - INFO - Telemetry Event - Operation: StoreConfigurationServer::FilterUnsupportedSystemFeaturesAsync, PFN: Microsoft.WindowsStore_22507.1401.7.0_x64__8wekyb3d8bbwe
2025-10-01 15:57:52,012 - telemetry_logger - INFO - Telemetry Event - Operation: StoreConfigurationServer::FilterUnsupportedSystemFeaturesAsync, PFN: Microsoft.WindowsStore_22507.1401.7.0_x64__8wekyb3d8bbwe
2025-10-01 15:57:52,016 - telemetry_logger - INFO - Telemetry Event - Operation: StoreConfigurationServer::FilterUnsupportedSystemFeaturesAsync, PFN: Microsoft.WindowsStore_22507.1401.7.0_x64__8wekyb3d8bbwe
2025-10-01 17:36:40,923 - telemetry_logger - INFO - No GPU found, using CPU
2025-10-01 17:36:41,567 - telemetry_logger - INFO - Starting Telemetry API Server
2025-10-01 17:36:41,571 - telemetry_logger - INFO - Configuration: {'api_base_url': 'https://api.jpmorgan.com', 'api_version': 'v1', 'log_level': 'INFO', 'log_file': 'logs/telemetry.log', 'telemetry_enabled': True, 'telemetry_batch_size': 100, 'database_url': 'sqlite:///telemetry.db', 'token_client_id': 'your_token_client_id_here', 'token_client_secret': 'your_token_client_secret_here', 'token_url': 'https://id.payments.jpmorgan.com/am/oauth2/alpha/access_token', 'token_scope': 'openid profile', 'mcp_server_command': 'docker run -i --rm -e GITHUB_PERSONAL_ACCESS_TOKEN ghcr.io/github/github-mcp-server', 'github_personal_access_token': 'your_github_token_here', 'mcp_server_toolsets': 'all', 'mcp_server_host': ''}
2025-10-01 17:37:13,033 - telemetry_logger - INFO - Health check requested
2025-10-01 17:37:57,098 - telemetry_logger - INFO - Health check requested
2025-10-01 17:38:13,065 - telemetry_logger - INFO - Health check requested
2025-10-01 17:38:43,073 - telemetry_logger - INFO - Health check requested
2025-10-01 17:39:13,092 - telemetry_logger - INFO - Health check requested
2025-10-01 17:39:43,409 - telemetry_logger - INFO - Health check requested
2025-10-01 17:40:13,415 - telemetry_logger - INFO - Health check requested
2025-10-01 17:41:15,444 - telemetry_logger - INFO - Health check requested
2025-10-01 17:42:16,448 - telemetry_logger - INFO - Health check requested
2025-10-01 17:43:37,817 - telemetry_logger - INFO - Health check requested
2025-10-01 17:43:43,446 - telemetry_logger - INFO - Health check requested
2025-10-01 17:44:13,077 - telemetry_logger - INFO - Health check requested
2025-10-01 17:44:52,077 - telemetry_logger - INFO - Health check requested
2025-10-01 17:45:22,400 - telemetry_logger - INFO - Health check requested
2025-10-01 17:45:52,410 - telemetry_logger - INFO - Health check requested
2025-10-01 17:46:22,399 - telemetry_logger - INFO - Health check requested
2025-10-01 17:46:52,398 - telemetry_logger - INFO - Health check requested
2025-10-01 17:47:22,413 - telemetry_logger - INFO - Health check requested
2025-10-02 20:23:42,842 - telemetry_logger - INFO - No GPU found, using CPU
2025-10-02 20:28:45,896 - telemetry_logger - INFO - No GPU found, using CPU
2025-10-03 12:17:49,162 - telemetry_logger - INFO - No GPU found, using CPU
2025-10-03 12:35:29,001 - telemetry_logger - INFO - No GPU found, using CPU
2025-10-03 13:05:42,075 - telemetry_logger - INFO - PyTorch not available, checking TensorFlow...
2025-10-03 13:05:47,493 - telemetry_logger - INFO - No GPU found, using CPU
2025-10-03 13:05:47,711 - telemetry_logger - INFO - Anomaly detection model trained
2025-10-03 13:05:50,052 - telemetry_logger - INFO - Parsed GPU telemetry for GPU 0
2025-10-31 13:59:39,724 - telemetry_logger - INFO - Database initialized successfully (SQLite)
2025-10-31 13:59:39,725 - telemetry_logger - INFO - PyTorch not available, checking TensorFlow...
2025-10-31 13:59:47,764 - telemetry_logger - INFO - No GPU found, using CPU
2025-10-31 14:00:09,326 - telemetry_logger - INFO - Database initialized successfully (SQLite)
2025-10-31 14:00:09,327 - telemetry_logger - INFO - PyTorch not available, checking TensorFlow...
2025-10-31 14:00:16,489 - telemetry_logger - INFO - No GPU found, using CPU
2025-10-31 14:01:38,911 - telemetry_logger - INFO - Database initialized successfully (SQLite)
2025-10-31 14:01:38,912 - telemetry_logger - INFO - PyTorch not available, checking TensorFlow...
2025-10-31 14:01:47,703 - telemetry_logger - INFO - No GPU found, using CPU
2025-10-31 14:05:43,230 - telemetry_logger - INFO - PyTorch not available, checking TensorFlow...
2025-10-31 14:05:53,394 - telemetry_logger - INFO - No GPU found, using CPU
2025-10-31 14:05:53,397 - telemetry_logger - INFO - cuML not available, falling back to sklearn
2025-10-31 14:05:53,850 - telemetry_logger - INFO - CPU-based anomaly detection model trained with sklearn
2025-10-31 14:05:56,153 - telemetry_logger - INFO - Parsed GPU telemetry for GPU 0
2025-10-31 14:06:59,539 - telemetry_logger - INFO - Database initialized successfully (SQLite)
2025-10-31 14:06:59,541 - telemetry_logger - INFO - PyTorch not available, checking TensorFlow...
2025-10-31 14:07:09,195 - telemetry_logger - INFO - No GPU found, using CPU
2025-10-31 14:08:24,671 - telemetry_logger - INFO - Database initialized successfully (SQLite)
2025-10-31 14:08:24,672 - telemetry_logger - INFO - PyTorch not available, checking TensorFlow...
2025-10-31 14:08:34,870 - telemetry_logger - INFO - No GPU found, using CPU
2025-10-31 15:55:40,927 - telemetry_logger - INFO - Database initialized successfully (SQLite)
2025-10-31 15:55:40,929 - telemetry_logger - INFO - PyTorch not available, checking TensorFlow...
2025-10-31 15:55:51,795 - telemetry_logger - INFO - No GPU found, using CPU
2025-10-31 16:13:28,808 - telemetry_logger - INFO - Database initialized successfully (SQLite)
2025-10-31 16:13:28,812 - telemetry_logger - INFO - PyTorch not available, checking TensorFlow...
2025-10-31 16:13:39,910 - telemetry_logger - INFO - No GPU found, using CPU
2025-10-31 16:14:54,112 - telemetry_logger - INFO - Database initialized successfully (SQLite)
2025-10-31 16:14:54,116 - telemetry_logger - INFO - PyTorch not available, checking TensorFlow...
2025-10-31 16:15:01,951 - telemetry_logger - INFO - No GPU found, using CPU
2025-11-03 17:46:57,165 - telemetry_logger - INFO - Database initialized successfully (SQLite)
2025-11-03 17:46:57,166 - telemetry_logger - INFO - PyTorch not available, checking TensorFlow...
2025-11-03 17:47:06,120 - telemetry_logger - INFO - No GPU found, using CPU
2025-11-03 17:47:07,050 - telemetry_logger - INFO - Starting Telemetry API Server
2025-11-03 17:47:07,050 - telemetry_logger - INFO - Configuration: {'api_base_url': 'https://api.jpmorgan.com', 'api_version': 'v1', 'log_level': 'INFO', 'log_file': 'logs/telemetry.log', 'telemetry_enabled': True, 'telemetry_batch_size': 100, 'database_url': 'sqlite:///telemetry.db', 'token_client_id': '0369026e-0d67-4454-8a13-a0129a5cd3f6', 'token_client_secret': 'piAKagzhmiQFFnGbdwvDkCz0mvdC1IBGIzdYl6bLch-vegBy4HmhXNATJwLNFfmGYlWeIDH3eHTF6q0KNcJoqg', 'token_url': 'https://id.payments.jpmorgan.com/am/oauth2/alpha/access_token', 'token_scope': 'openid profile', 'mcp_server_command': 'docker run -i --rm -e GITHUB_PERSONAL_ACCESS_TOKEN ghcr.io/github/github-mcp-server', 'github_personal_access_token': None, 'mcp_server_toolsets': 'all', 'mcp_server_host': ''}
2025-11-03 18:46:50,982 - telemetry_logger - INFO - Database initialized successfully (SQLite)
2025-11-03 18:46:50,984 - telemetry_logger - INFO - PyTorch not available, checking TensorFlow...
2025-11-03 18:47:01,495 - telemetry_logger - INFO - No GPU found, using CPU
2025-11-03 18:47:02,588 - telemetry_logger - INFO - Created default admin user
2025-11-03 18:47:07,940 - telemetry_logger - INFO - Database initialized successfully (SQLite)
2025-11-03 18:47:07,941 - telemetry_logger - INFO - PyTorch not available, checking TensorFlow...
2025-11-03 18:47:13,605 - telemetry_logger - INFO - No GPU found, using CPU
2025-11-03 18:47:27,088 - telemetry_logger - INFO - Database initialized successfully (SQLite)
2025-11-03 18:47:27,089 - telemetry_logger - INFO - PyTorch not available, checking TensorFlow...
2025-11-03 18:47:30,364 - telemetry_logger - INFO - No GPU found, using CPU
2025-11-03 18:47:52,717 - telemetry_logger - INFO - Database initialized successfully (SQLite)
2025-11-03 18:47:52,718 - telemetry_logger - INFO - PyTorch not available, checking TensorFlow...
2025-11-03 18:47:56,051 - telemetry_logger - INFO - No GPU found, using CPU
2025-11-03 18:51:33,010 - telemetry_logger - INFO - Database initialized successfully (SQLite)
2025-11-03 18:51:33,011 - telemetry_logger - INFO - PyTorch not available, checking TensorFlow...
2025-11-03 18:51:40,550 - telemetry_logger - INFO - No GPU found, using CPU
2025-11-03 18:51:41,240 - telemetry_logger - INFO - Health check requested
2025-11-03 18:51:49,536 - telemetry_logger - INFO - Database initialized successfully (SQLite)
2025-11-03 18:51:49,537 - telemetry_logger - INFO - PyTorch not available, checking TensorFlow...
2025-11-03 18:51:54,385 - telemetry_logger - INFO - No GPU found, using CPU
2025-11-03 18:51:54,953 - telemetry_logger - INFO - Health check requested
2025-11-03 18:52:03,281 - telemetry_logger - INFO - Database initialized successfully (SQLite)
2025-11-03 18:52:03,283 - telemetry_logger - INFO - PyTorch not available, checking TensorFlow...
2025-11-03 18:52:10,463 - telemetry_logger - INFO - No GPU found, using CPU
2025-11-03 18:52:17,111 - telemetry_logger - INFO - Database initialized successfully (SQLite)
2025-11-03 18:52:17,111 - telemetry_logger - INFO - PyTorch not available, checking TensorFlow...
2025-11-03 18:52:20,764 - telemetry_logger - INFO - No GPU found, using CPU
2025-11-04 12:42:55,519 - telemetry_logger - INFO - PyTorch not available, checking TensorFlow...
2025-11-04 12:43:07,546 - telemetry_logger - INFO - No GPU found, using CPU
2025-11-04 12:43:08,811 - telemetry_logger - INFO - PyTorch not available, checking TensorFlow...
2025-11-04 12:43:10,911 - telemetry_logger - INFO - Database initialized successfully (SQLite)
2025-11-04 12:43:10,911 - telemetry_logger - INFO - PyTorch not available, checking TensorFlow...
2025-11-04 12:43:10,911 - telemetry_logger - INFO - No GPU found, using CPU
2025-11-04 12:43:11,932 - telemetry_logger - INFO - Database initialized successfully (SQLite)
2025-11-04 12:43:11,935 - telemetry_logger - INFO - PyTorch not available, checking TensorFlow...
2025-11-04 12:43:11,935 - telemetry_logger - INFO - No GPU found, using CPU
2025-11-04 12:43:14,463 - telemetry_logger - INFO - No GPU found, using CPU
2025-11-04 12:43:16,337 - telemetry_logger - INFO - Database initialized successfully (SQLite)
2025-11-04 12:43:16,337 - telemetry_logger - INFO - PyTorch not available, checking TensorFlow...
2025-11-04 12:43:16,345 - telemetry_logger - INFO - No GPU found, using CPU
2025-11-04 12:43:16,996 - telemetry_logger - INFO - Database initialized successfully (SQLite)
2025-11-04 12:43:17,007 - telemetry_logger - INFO - PyTorch not available, checking TensorFlow...
2025-11-04 12:43:17,007 - telemetry_logger - INFO - No GPU found, using CPU
2025-11-04 12:43:20,808 - telemetry_logger - INFO - Database initialized successfully (SQLite)
2025-11-04 12:43:20,808 - telemetry_logger - INFO - PyTorch not available, checking TensorFlow...
2025-11-04 12:43:26,947 - telemetry_logger - INFO - No GPU found, using CPU
2025-11-04 12:43:27,706 - telemetry_logger - INFO - Health check requested
2025-11-04 12:43:55,478 - telemetry_logger - INFO - Database initialized successfully (SQLite)
2025-11-04 12:43:55,480 - telemetry_logger - INFO - PyTorch not available, checking TensorFlow...
2025-11-04 12:44:01,846 - telemetry_logger - INFO - PyTorch not available, checking TensorFlow...
2025-11-04 12:44:07,216 - telemetry_logger - INFO - No GPU found, using CPU
2025-11-04 12:44:08,149 - telemetry_logger - INFO - Health check requested
2025-11-04 12:44:10,259 - telemetry_logger - INFO - No GPU found, using CPU
2025-11-04 12:44:10,268 - telemetry_logger - INFO - cuML not available, falling back to sklearn
2025-11-04 12:44:11,129 - telemetry_logger - INFO - CPU-based anomaly detection model trained with sklearn
2025-11-04 12:44:15,125 - telemetry_logger - INFO - Database initialized successfully (SQLite)
2025-11-04 12:44:15,125 - telemetry_logger - INFO - PyTorch not available, checking TensorFlow...
2025-11-04 12:44:15,214 - telemetry_logger - INFO - Parsed GPU telemetry for GPU 0
2025-11-04 12:44:20,218 - telemetry_logger - INFO - No GPU found, using CPU
2025-11-04 12:44:22,134 - telemetry_logger - INFO - Telemetry Event - Operation: StoreConfigurationServer::FilterUnsupportedSystemFeaturesAsync, PFN: Microsoft.WindowsStore_22507.1401.7.0_x64__8wekyb3d8bbwe
2025-11-04 12:44:22,217 - telemetry_logger - ERROR - Error: OperationalError - 45 values for 43 columns
2025-11-04 12:44:23,211 - telemetry_logger - INFO - Batch processing completed: 2/2 events processed successfully
2025-11-04 12:44:23,225 - telemetry_logger - INFO - Telemetry Event - Operation: StoreConfigurationServer::FilterUnsupportedSystemFeaturesAsync, PFN: Microsoft.WindowsStore_22507.1401.7.0_x64__8wekyb3d8bbwe
2025-11-04 12:44:23,233 - telemetry_logger - ERROR - Error: OperationalError - 45 values for 43 columns
2025-11-04 12:44:23,356 - telemetry_logger - ERROR - Error: ValueError - Need at least 10 samples to train
2025-11-04 12:44:27,472 - telemetry_logger - WARNING - Database cache read error: Error 10061 connecting to localhost:6379. No connection could be made because the target machine actively refused it.
2025-11-04 12:44:31,530 - telemetry_logger - WARNING - Database cache write error: Error 10061 connecting to localhost:6379. No connection could be made because the target machine actively refused it.
2025-11-04 12:44:31,639 - telemetry_logger - INFO - Telemetry Event - Operation: StoreConfigurationServer::FilterUnsupportedSystemFeaturesAsync, PFN: Microsoft.WindowsStore_22507.1401.7.0_x64__8wekyb3d8bbwe
2025-11-04 12:44:31,642 - telemetry_logger - ERROR - Error: OperationalError - 45 values for 43 columns
2025-11-04 12:44:31,664 - telemetry_logger - INFO - Health check requested
2025-11-04 12:44:31,667 - telemetry_logger - INFO - Health check requested
2025-11-04 12:44:31,669 - telemetry_logger - INFO - Health check requested
2025-11-04 12:44:31,672 - telemetry_logger - INFO - Health check requested
2025-11-04 12:44:31,674 - telemetry_logger - INFO - Health check requested
2025-11-04 12:44:31,681 - telemetry_logger - INFO - Health check requested
2025-11-04 12:44:31,686 - telemetry_logger - INFO - Telemetry Event - Operation: StoreConfigurationServer::FilterUnsupportedSystemFeaturesAsync, PFN: Microsoft.WindowsStore_22507.1401.7.0_x64__8wekyb3d8bbwe
2025-11-04 12:44:31,689 - telemetry_logger - ERROR - Error: OperationalError - 45 values for 43 columns
2025-11-04 12:44:31,696 - telemetry_logger - ERROR - Request sanitization error: 400 Bad Request: The browser (or proxy) sent a request that this server could not understand.
2025-11-04 12:44:31,721 - telemetry_logger - INFO - Telemetry Event - Operation: StoreConfigurationServer::FilterUnsupportedSystemFeaturesAsync, PFN: Microsoft.WindowsStore_22507.1401.7.0_x64__8wekyb3d8bbwe
2025-11-04 12:44:31,721 - telemetry_logger - INFO - Telemetry Event - Operation: StoreConfigurationServer::FilterUnsupportedSystemFeaturesAsync, PFN: Microsoft.WindowsStore_22507.1401.7.0_x64__8wekyb3d8bbwe
2025-11-04 12:44:31,728 - telemetry_logger - INFO - Telemetry Event - Operation: StoreConfigurationServer::FilterUnsupportedSystemFeaturesAsync, PFN: Microsoft.WindowsStore_22507.1401.7.0_x64__8wekyb3d8bbwe
2025-11-04 12:44:31,728 - telemetry_logger - INFO - Telemetry Event - Operation: StoreConfigurationServer::FilterUnsupportedSystemFeaturesAsync, PFN: Microsoft.WindowsStore_22507.1401.7.0_x64__8wekyb3d8bbwe
2025-11-04 12:44:31,732 - telemetry_logger - ERROR - Error: OperationalError - 45 values for 43 columns
2025-11-04 12:44:31,732 - telemetry_logger - ERROR - Error: OperationalError - 45 values for 43 columns
2025-11-04 12:44:31,739 - telemetry_logger - ERROR - Error: OperationalError - 45 values for 43 columns
2025-11-04 12:44:31,740 - telemetry_logger - ERROR - Error: OperationalError - 45 values for 43 columns
2025-11-04 13:01:59,211 - telemetry_logger - INFO - Database initialized successfully (SQLite)
2025-11-04 13:01:59,211 - telemetry_logger - INFO - PyTorch not available, checking TensorFlow...
2025-11-04 13:02:15,786 - telemetry_logger - INFO - No GPU found, using CPU
2025-11-04 13:02:17,328 - telemetry_logger - INFO - Starting Telemetry API Server
2025-11-04 13:02:17,330 - telemetry_logger - INFO - Configuration: {'api_base_url': 'https://api.jpmorgan.com', 'api_version': 'v1', 'log_level': 'INFO', 'log_file': 'logs/telemetry.log', 'telemetry_enabled': True, 'telemetry_batch_size': 100, 'database_url': 'sqlite:///telemetry.db', 'token_client_id': '0369026e-0d67-4454-8a13-a0129a5cd3f6', 'token_client_secret': 'piAKagzhmiQFFnGbdwvDkCz0mvdC1IBGIzdYl6bLch-vegBy4HmhXNATJwLNFfmGYlWeIDH3eHTF6q0KNcJoqg', 'token_url': 'https://id.payments.jpmorgan.com/am/oauth2/alpha/access_token', 'token_scope': 'openid profile', 'mcp_server_command': 'docker run -i --rm -e GITHUB_PERSONAL_ACCESS_TOKEN ghcr.io/github/github-mcp-server', 'github_personal_access_token': None, 'mcp_server_toolsets': 'all', 'mcp_server_host': ''}
2025-11-04 13:51:44,745 - telemetry_logger - INFO - Health check requested
2025-11-04 13:52:08,808 - telemetry_logger - INFO - Health check requested
2025-11-04 14:04:57,519 - telemetry_logger - INFO - Database initialized successfully (SQLite)
2025-11-04 14:04:57,519 - telemetry_logger - INFO - PyTorch not available, checking TensorFlow...
2025-11-04 14:05:09,793 - telemetry_logger - INFO - No GPU found, using CPU
2025-11-04 15:52:04,055 - telemetry_logger - INFO - Database initialized successfully (SQLite)
2025-11-04 15:52:04,065 - telemetry_logger - INFO - PyTorch not available, checking TensorFlow...
2025-11-04 15:52:51,925 - telemetry_logger - INFO - No GPU found, using CPU
2025-11-04 16:04:34,196 - telemetry_logger - INFO - Database initialized successfully (SQLite)
2025-11-04 16:04:34,196 - telemetry_logger - INFO - PyTorch not available, checking TensorFlow...
2025-11-04 16:04:49,182 - telemetry_logger - INFO - No GPU found, using CPU
2025-11-04 16:04:50,382 - telemetry_logger - INFO - Created user: testuser with role: user
2025-11-04 16:04:51,805 - telemetry_logger - INFO - Database initialized successfully (SQLite)
2025-11-04 16:04:51,811 - telemetry_logger - INFO - PyTorch not available, checking TensorFlow...
2025-11-04 16:05:01,489 - telemetry_logger - INFO - No GPU found, using CPU
2025-11-04 16:05:55,124 - telemetry_logger - INFO - Database initialized successfully (SQLite)
2025-11-04 16:05:55,126 - telemetry_logger - INFO - PyTorch not available, checking TensorFlow...
2025-11-04 16:06:05,947 - telemetry_logger - INFO - No GPU found, using CPU
2025-11-04 16:06:08,276 - telemetry_logger - INFO - Database initialized successfully (SQLite)
2025-11-04 16:06:08,280 - telemetry_logger - INFO - PyTorch not available, checking TensorFlow...
2025-11-04 16:06:19,644 - telemetry_logger - INFO - No GPU found, using CPU
2025-11-04 16:06:33,341 - telemetry_logger - INFO - Database initialized successfully (SQLite)
2025-11-04 16:06:33,341 - telemetry_logger - INFO - PyTorch not available, checking TensorFlow...
2025-11-04 16:06:42,944 - telemetry_logger - INFO - No GPU found, using CPU
2025-11-04 16:06:43,634 - telemetry_logger - INFO - Created user: testuser_1762290403 with role: user
2025-11-04 16:07:04,207 - telemetry_logger - INFO - Database initialized successfully (SQLite)
2025-11-04 16:07:04,207 - telemetry_logger - INFO - PyTorch not available, checking TensorFlow...
2025-11-04 16:07:13,585 - telemetry_logger - INFO - No GPU found, using CPU
2025-11-04 16:07:14,961 - telemetry_logger - INFO - Health check requested
2025-11-04 16:20:11,254 - telemetry_logger - INFO - Database initialized successfully (SQLite)
2025-11-04 16:20:11,255 - telemetry_logger - INFO - PyTorch not available, checking TensorFlow...
2025-11-04 16:20:25,006 - telemetry_logger - INFO - Database initialized successfully (SQLite)
2025-11-04 16:20:25,006 - telemetry_logger - INFO - PyTorch not available, checking TensorFlow...
2025-11-04 16:52:55,861 - telemetry_logger - INFO - Database initialized successfully (SQLite)
2025-11-04 16:52:55,868 - telemetry_logger - INFO - PyTorch not available, checking TensorFlow...
2025-11-04 16:53:28,568 - telemetry_logger - INFO - No GPU found, using CPU
2025-11-04 16:53:31,748 - telemetry_logger - INFO - Starting Telemetry API Server
2025-11-04 16:53:31,751 - telemetry_logger - INFO - Configuration: {'api_base_url': 'https://api.jpmorgan.com', 'api_version': 'v1', 'log_level': 'INFO', 'log_file': 'logs/telemetry.log', 'telemetry_enabled': True, 'telemetry_batch_size': 100, 'database_url': 'sqlite:///telemetry.db', 'token_client_id': '0369026e-0d67-4454-8a13-a0129a5cd3f6', 'token_client_secret': 'piAKagzhmiQFFnGbdwvDkCz0mvdC1IBGIzdYl6bLch-vegBy4HmhXNATJwLNFfmGYlWeIDH3eHTF6q0KNcJoqg', 'token_url': 'https://id.payments.jpmorgan.com/am/oauth2/alpha/access_token', 'token_scope': 'openid profile', 'mcp_server_command': 'docker run -i --rm -e GITHUB_PERSONAL_ACCESS_TOKEN ghcr.io/github/github-mcp-server', 'github_personal_access_token': None, 'mcp_server_toolsets': 'all', 'mcp_server_host': ''}
2025-11-04 19:00:58,920 - telemetry_logger - INFO - PyTorch not available, checking TensorFlow...
2025-11-04 19:01:18,516 - telemetry_logger - INFO - No GPU found, using CPU
2025-11-04 19:01:20,560 - telemetry_logger - INFO - PyTorch not available, checking TensorFlow...
2025-11-04 19:01:20,560 - telemetry_logger - INFO - No GPU found, using CPU
2025-11-04 19:27:17,892 - telemetry_logger - INFO - PyTorch not available, checking TensorFlow...
2025-11-04 19:27:36,871 - telemetry_logger - INFO - No GPU found, using CPU
2025-11-04 19:27:39,020 - telemetry_logger - INFO - PyTorch not available, checking TensorFlow...
2025-11-04 19:27:39,021 - telemetry_logger - INFO - No GPU found, using CPU
2025-11-05 11:27:35,782 - telemetry_logger - INFO - Database initialized successfully (SQLite)
2025-11-05 11:27:35,782 - telemetry_logger - INFO - PyTorch not available, checking TensorFlow...
2025-11-05 11:28:17,965 - telemetry_logger - INFO - No GPU found, using CPU
2025-11-05 11:28:20,244 - telemetry_logger - INFO - Starting Telemetry API Server
2025-11-05 11:28:20,244 - telemetry_logger - INFO - Configuration: {'api_base_url': 'https://api.jpmorgan.com', 'api_version': 'v1', 'log_level': 'INFO', 'log_file': 'logs/telemetry.log', 'telemetry_enabled': True, 'telemetry_batch_size': 100, 'database_url': 'sqlite:///telemetry.db', 'database_type': 'sqlite', 'database_host': 'localhost', 'database_port': 5432, 'database_name': 'jpmorgan_financial_apis', 'database_connection_pool_size': 10, 'database_connection_pool_max_overflow': 20, 'database_connection_pool_timeout': 30, 'database_connection_pool_recycle': 3600, 'token_client_id': '0369026e-0d67-4454-8a13-a0129a5cd3f6', 'token_client_secret': 'piAKagzhmiQFFnGbdwvDkCz0mvdC1IBGIzdYl6bLch-vegBy4HmhXNATJwLNFfmGYlWeIDH3eHTF6q0KNcJoqg', 'token_url': 'https://id.payments.jpmorgan.com/am/oauth2/alpha/access_token', 'token_scope': 'openid profile', 'mcp_server_command': 'docker run -i --rm -e GITHUB_PERSONAL_ACCESS_TOKEN ghcr.io/github/github-mcp-server', 'github_personal_access_token': None, 'mcp_server_toolsets': 'all', 'mcp_server_host': ''}
2025-11-05 11:28:34,934 - telemetry_logger - INFO - Health check requested
2025-11-05 14:46:22,886 - telemetry_logger - INFO - PyTorch not available, checking TensorFlow...
2025-11-05 14:46:24,982 - telemetry_logger - INFO - Neither PyTorch nor TensorFlow available, using CPU
2025-11-05 14:46:27,991 - telemetry_logger - INFO - PyTorch not available, checking TensorFlow...
2025-11-05 14:46:28,000 - telemetry_logger - INFO - Neither PyTorch nor TensorFlow available, using CPU
2025-11-05 14:46:40,315 - telemetry_logger - INFO - Health check requested
2025-11-05 14:48:14,367 - telemetry_logger - INFO - Health check requested
2025-11-05 14:53:04,324 - telemetry_logger - INFO - PyTorch not available, checking TensorFlow...
2025-11-05 14:53:05,292 - telemetry_logger - INFO - Neither PyTorch nor TensorFlow available, using CPU
2025-11-05 14:53:07,830 - telemetry_logger - INFO - PyTorch not available, checking TensorFlow...
2025-11-05 14:53:07,841 - telemetry_logger - INFO - Neither PyTorch nor TensorFlow available, using CPU
2025-11-05 14:53:07,859 - telemetry_logger - INFO - Starting Telemetry API Server
2025-11-05 14:53:07,859 - telemetry_logger - INFO - Configuration: {'api_base_url': 'https://api.jpmorgan.com', 'api_version': 'v1', 'log_level': 'INFO', 'log_file': 'logs/telemetry.log', 'telemetry_enabled': True, 'telemetry_batch_size': 100, 'database_url': 'sqlite:///telemetry.db', 'database_type': 'sqlite', 'database_host': 'localhost', 'database_port': 5432, 'database_name': 'jpmorgan_financial_apis', 'database_connection_pool_size': 10, 'database_connection_pool_max_overflow': 20, 'database_connection_pool_timeout': 30, 'database_connection_pool_recycle': 3600, 'token_client_id': '0369026e-0d67-4454-8a13-a0129a5cd3f6', 'token_client_secret': 'piAKagzhmiQFFnGbdwvDkCz0mvdC1IBGIzdYl6bLch-vegBy4HmhXNATJwLNFfmGYlWeIDH3eHTF6q0KNcJoqg', 'token_url': 'https://id.payments.jpmorgan.com/am/oauth2/alpha/access_token', 'token_scope': 'openid profile', 'mcp_server_command': 'docker run -i --rm -e GITHUB_PERSONAL_ACCESS_TOKEN ghcr.io/github/github-mcp-server', 'github_personal_access_token': 'your_github_personal_access_token_here', 'mcp_server_toolsets': 'all', 'mcp_server_host': ''}
2025-11-05 14:57:27,430 - telemetry_logger - INFO - Health check requested
2025-11-05 15:02:11,003 - telemetry_logger - INFO - PyTorch not available, checking TensorFlow...
2025-11-05 15:02:12,023 - telemetry_logger - INFO - Neither PyTorch nor TensorFlow available, using CPU
2025-11-05 15:02:14,278 - telemetry_logger - INFO - PyTorch not available, checking TensorFlow...
2025-11-05 15:02:14,285 - telemetry_logger - INFO - Neither PyTorch nor TensorFlow available, using CPU
2025-11-05 15:02:14,302 - telemetry_logger - INFO - Starting Telemetry API Server
2025-11-05 15:02:14,302 - telemetry_logger - INFO - Configuration: {'api_base_url': 'https://api.jpmorgan.com', 'api_version': 'v1', 'log_level': 'INFO', 'log_file': 'logs/telemetry.log', 'telemetry_enabled': True, 'telemetry_batch_size': 100, 'database_url': 'sqlite:///telemetry.db', 'database_type': 'sqlite', 'database_host': 'localhost', 'database_port': 5432, 'database_name': 'jpmorgan_financial_apis', 'database_connection_pool_size': 10, 'database_connection_pool_max_overflow': 20, 'database_connection_pool_timeout': 30, 'database_connection_pool_recycle': 3600, 'token_client_id': '0369026e-0d67-4454-8a13-a0129a5cd3f6', 'token_client_secret': 'piAKagzhmiQFFnGbdwvDkCz0mvdC1IBGIzdYl6bLch-vegBy4HmhXNATJwLNFfmGYlWeIDH3eHTF6q0KNcJoqg', 'token_url': 'https://id.payments.jpmorgan.com/am/oauth2/alpha/access_token', 'token_scope': 'openid profile', 'mcp_server_command': 'docker run -i --rm -e GITHUB_PERSONAL_ACCESS_TOKEN ghcr.io/github/github-mcp-server', 'github_personal_access_token': 'your_github_personal_access_token_here', 'mcp_server_toolsets': 'all', 'mcp_server_host': ''}
2025-11-05 15:07:47,107 - telemetry_logger - INFO - Health check requested
2025-11-05 15:08:17,600 - telemetry_logger - INFO - Health check requested
2025-11-05 15:08:47,785 - telemetry_logger - INFO - Health check requested
2025-11-05 15:09:18,390 - telemetry_logger - INFO - Health check requested
2025-11-05 15:09:47,730 - telemetry_logger - INFO - Health check requested
2025-11-05 15:10:17,742 - telemetry_logger - INFO - Health check requested
2025-11-05 15:10:47,743 - telemetry_logger - INFO - Health check requested
2025-11-05 15:11:20,159 - telemetry_logger - INFO - Health check requested
2025-11-05 15:11:50,273 - telemetry_logger - INFO - Health check requested
2025-11-05 15:12:17,272 - telemetry_logger - INFO - Health check requested
2025-11-05 15:12:48,135 - telemetry_logger - INFO - Health check requested
2025-11-05 15:13:17,742 - telemetry_logger - INFO - Health check requested
2025-11-05 15:14:02,059 - telemetry_logger - INFO - Health check requested
2025-11-05 15:15:02,063 - telemetry_logger - INFO - Health check requested
2025-11-05 15:16:02,058 - telemetry_logger - INFO - Health check requested
2025-11-05 15:17:02,073 - telemetry_logger - INFO - Health check requested
2025-11-05 15:18:02,057 - telemetry_logger - INFO - Health check requested
2025-11-05 15:27:15,563 - telemetry_logger - INFO - PyTorch not available, checking TensorFlow...
2025-11-05 15:27:16,370 - telemetry_logger - INFO - Neither PyTorch nor TensorFlow available, using CPU
2025-11-05 15:27:20,278 - telemetry_logger - INFO - PyTorch not available, checking TensorFlow...
2025-11-05 15:27:20,294 - telemetry_logger - INFO - Neither PyTorch nor TensorFlow available, using CPU
2025-11-05 15:27:21,108 - telemetry_logger - INFO - Starting Telemetry API Server with SocketIO
2025-11-05 15:27:21,109 - telemetry_logger - INFO - Configuration: {'api_base_url': 'https://api.jpmorgan.com', 'api_version': 'v1', 'log_level': 'INFO', 'log_file': 'logs/telemetry.log', 'telemetry_enabled': True, 'telemetry_batch_size': 100, 'database_url': 'sqlite:///telemetry.db', 'database_type': 'sqlite', 'database_host': 'localhost', 'database_port': 5432, 'database_name': 'jpmorgan_financial_apis', 'database_connection_pool_size': 10, 'database_connection_pool_max_overflow': 20, 'database_connection_pool_timeout': 30, 'database_connection_pool_recycle': 3600, 'token_client_id': '0369026e-0d67-4454-8a13-a0129a5cd3f6', 'token_client_secret': 'piAKagzhmiQFFnGbdwvDkCz0mvdC1IBGIzdYl6bLch-vegBy4HmhXNATJwLNFfmGYlWeIDH3eHTF6q0KNcJoqg', 'token_url': 'https://id.payments.jpmorgan.com/am/oauth2/alpha/access_token', 'token_scope': 'openid profile', 'mcp_server_command': 'docker run -i --rm -e GITHUB_PERSONAL_ACCESS_TOKEN ghcr.io/github/github-mcp-server', 'github_personal_access_token': 'your_github_personal_access_token_here', 'mcp_server_toolsets': 'all', 'mcp_server_host': ''}
2025-11-05 15:28:04,548 - telemetry_logger - INFO - PyTorch not available, checking TensorFlow...
2025-11-05 15:28:05,412 - telemetry_logger - INFO - Neither PyTorch nor TensorFlow available, using CPU
2025-11-05 15:28:07,220 - telemetry_logger - INFO - PyTorch not available, checking TensorFlow...
2025-11-05 15:28:07,230 - telemetry_logger - INFO - Neither PyTorch nor TensorFlow available, using CPU
2025-11-05 15:28:07,431 - telemetry_logger - INFO - Starting Telemetry API Server with SocketIO
2025-11-05 15:28:07,431 - telemetry_logger - INFO - Configuration: {'api_base_url': 'https://api.jpmorgan.com', 'api_version': 'v1', 'log_level': 'INFO', 'log_file': 'logs/telemetry.log', 'telemetry_enabled': True, 'telemetry_batch_size': 100, 'database_url': 'sqlite:///telemetry.db', 'database_type': 'sqlite', 'database_host': 'localhost', 'database_port': 5432, 'database_name': 'jpmorgan_financial_apis', 'database_connection_pool_size': 10, 'database_connection_pool_max_overflow': 20, 'database_connection_pool_timeout': 30, 'database_connection_pool_recycle': 3600, 'token_client_id': '0369026e-0d67-4454-8a13-a0129a5cd3f6', 'token_client_secret': 'piAKagzhmiQFFnGbdwvDkCz0mvdC1IBGIzdYl6bLch-vegBy4HmhXNATJwLNFfmGYlWeIDH3eHTF6q0KNcJoqg', 'token_url': 'https://id.payments.jpmorgan.com/am/oauth2/alpha/access_token', 'token_scope': 'openid profile', 'mcp_server_command': 'docker run -i --rm -e GITHUB_PERSONAL_ACCESS_TOKEN ghcr.io/github/github-mcp-server', 'github_personal_access_token': 'your_github_personal_access_token_here', 'mcp_server_toolsets': 'all', 'mcp_server_host': ''}
2025-11-05 15:28:50,714 - telemetry_logger - INFO - Health check requested
2025-11-05 15:41:02,059 - telemetry_logger - INFO - Client connected to WebSocket
2025-11-05 15:41:03,079 - telemetry_logger - INFO - Received test message: {'message': 'Hello from test script!', 'timestamp': 1762375263.070962}
2025-11-05 15:41:10,091 - telemetry_logger - INFO - Client disconnected from WebSocket
2025-11-05 15:42:31,339 - telemetry_logger - INFO - Health check requested
2025-11-05 15:43:01,812 - telemetry_logger - INFO - Health check requested
2025-11-05 15:43:31,878 - telemetry_logger - INFO - Health check requested
2025-11-05 15:44:02,766 - telemetry_logger - INFO - Health check requested
2025-11-05 15:44:32,317 - telemetry_logger - INFO - Health check requested
2025-11-05 15:45:02,343 - telemetry_logger - INFO - Health check requested
2025-11-05 15:45:35,156 - telemetry_logger - INFO - Health check requested
2025-11-05 15:46:02,413 - telemetry_logger - INFO - Health check requested
2025-11-05 15:46:32,736 - telemetry_logger - INFO - Health check requested
2025-11-05 15:47:02,732 - telemetry_logger - INFO - Health check requested
2025-11-05 15:48:02,095 - telemetry_logger - INFO - Health check requested
2025-11-05 15:48:24,336 - telemetry_logger - INFO - Health check requested
2025-11-05 15:48:54,676 - telemetry_logger - INFO - Health check requested
2025-11-05 15:49:24,628 - telemetry_logger - INFO - Health check requested
2025-11-05 15:49:27,695 - telemetry_logger - INFO - Health check requested
2025-11-05 15:49:54,315 - telemetry_logger - INFO - Health check requested
2025-11-05 15:50:01,761 - telemetry_logger - INFO - Client connected to WebSocket
2025-11-05 15:50:08,839 - telemetry_logger - INFO - Received test message: {'type': 'test_message', 'message': 'Hello from dashboard!', 'timestamp': '2025-11-05T20:50:08.833Z'}
2025-11-05 15:50:24,325 - telemetry_logger - INFO - Health check requested
2025-11-05 15:50:41,822 - telemetry_logger - INFO - Health check requested
2025-11-05 15:50:54,528 - telemetry_logger - INFO - Health check requested
2025-11-05 15:51:25,173 - telemetry_logger - INFO - Health check requested
2025-11-05 15:51:54,747 - telemetry_logger - INFO - Health check requested
2025-11-05 15:52:25,036 - telemetry_logger - INFO - Health check requested
2025-11-05 15:52:54,741 - telemetry_logger - INFO - Health check requested
2025-11-05 15:54:02,398 - telemetry_logger - INFO - Health check requested
2025-11-05 15:55:02,096 - telemetry_logger - INFO - Health check requested
2025-11-05 15:56:02,101 - telemetry_logger - INFO - Health check requested
2025-11-05 15:56:13,000 - telemetry_logger - INFO - Health check requested
2025-11-05 15:57:41,247 - telemetry_logger - INFO - Client disconnected from WebSocket
2025-11-05 15:58:04,735 - telemetry_logger - INFO - Health check requested
2025-11-05 15:58:05,877 - telemetry_logger - INFO - Client connected to WebSocket
2025-11-05 15:58:13,201 - telemetry_logger - INFO - Health check requested
2025-11-05 15:58:24,673 - telemetry_logger - INFO - Health check requested
2025-11-05 15:58:29,915 - telemetry_logger - INFO - Client disconnected from WebSocket
2025-11-05 15:58:30,863 - telemetry_logger - INFO - Health check requested
2025-11-05 15:59:01,736 - telemetry_logger - INFO - Health check requested
2025-11-05 15:59:31,731 - telemetry_logger - INFO - Health check requested
2025-11-05 16:00:02,049 - telemetry_logger - INFO - Health check requested
2025-11-05 16:00:32,040 - telemetry_logger - INFO - Health check requested
2025-11-05 16:01:02,052 - telemetry_logger - INFO - Health check requested
2025-11-05 16:01:32,040 - telemetry_logger - INFO - Health check requested
2025-11-05 16:02:03,983 - telemetry_logger - INFO - Health check requested
2025-11-05 16:02:31,210 - telemetry_logger - INFO - Health check requested
2025-11-05 16:03:00,350 - telemetry_logger - INFO - Client connected to WebSocket
2025-11-05 16:03:00,869 - telemetry_logger - INFO - Health check requested
2025-11-05 16:03:31,350 - telemetry_logger - INFO - Health check requested
2025-11-05 16:04:01,182 - telemetry_logger - INFO - Health check requested
2025-11-05 16:04:30,870 - telemetry_logger - INFO - Health check requested
2025-11-05 16:05:01,206 - telemetry_logger - INFO - Health check requested
2025-11-05 16:05:31,174 - telemetry_logger - INFO - Health check requested
2025-11-05 16:06:31,553 - telemetry_logger - INFO - Health check requested
2025-11-05 16:07:02,246 - telemetry_logger - INFO - Health check requested
2025-11-05 16:07:31,739 - telemetry_logger - INFO - Health check requested
2025-11-05 16:08:01,730 - telemetry_logger - INFO - Health check requested
2025-11-05 16:09:02,066 - telemetry_logger - INFO - Health check requested
2025-11-05 16:10:02,278 - telemetry_logger - INFO - Health check requested
2025-11-05 16:11:02,074 - telemetry_logger - INFO - Health check requested
2025-11-05 16:12:02,051 - telemetry_logger - INFO - Health check requested
2025-11-05 16:13:02,081 - telemetry_logger - INFO - Health check requested
2025-11-05 16:14:02,061 - telemetry_logger - INFO - Health check requested
2025-11-05 16:14:32,574 - telemetry_logger - INFO - Health check requested
2025-11-05 16:14:36,673 - telemetry_logger - INFO - Client disconnected from WebSocket
2025-11-05 16:14:38,019 - telemetry_logger - INFO - Health check requested
2025-11-05 16:15:08,044 - telemetry_logger - INFO - Health check requested
2025-11-05 16:15:38,036 - telemetry_logger - INFO - Health check requested
2025-11-05 16:16:08,033 - telemetry_logger - INFO - Health check requested
2025-11-05 16:16:37,731 - telemetry_logger - INFO - Health check requested
2025-11-05 16:17:08,048 - telemetry_logger - INFO - Health check requested
2025-11-05 16:17:38,039 - telemetry_logger - INFO - Health check requested
2025-11-05 16:18:09,905 - telemetry_logger - INFO - Health check requested
2025-11-05 16:18:21,836 - telemetry_logger - INFO - Client connected to WebSocket
2025-11-05 16:18:38,090 - telemetry_logger - INFO - Health check requested
2025-11-05 16:19:08,216 - telemetry_logger - INFO - Health check requested
2025-11-05 16:19:38,058 - telemetry_logger - INFO - Health check requested
2025-11-05 16:20:08,454 - telemetry_logger - INFO - Health check requested
2025-11-05 16:20:38,030 - telemetry_logger - INFO - Health check requested
2025-11-05 16:21:08,040 - telemetry_logger - INFO - Health check requested
2025-11-05 16:21:38,041 - telemetry_logger - INFO - Health check requested
2025-11-05 16:23:02,063 - telemetry_logger - INFO - Health check requested
2025-11-05 16:24:02,044 - telemetry_logger - INFO - Health check requested
2025-11-05 16:25:01,834 - telemetry_logger - INFO - Client disconnected from WebSocket
2025-11-05 16:30:02,945 - telemetry_logger - INFO - Health check requested
2025-11-05 16:30:04,126 - telemetry_logger - INFO - Client connected to WebSocket
2025-11-05 16:30:08,296 - telemetry_logger - INFO - Health check requested
2025-11-05 16:30:38,023 - telemetry_logger - INFO - Health check requested
2025-11-05 16:31:08,044 - telemetry_logger - INFO - Health check requested
2025-11-05 16:31:37,718 - telemetry_logger - INFO - Health check requested
2025-11-05 16:32:07,725 - telemetry_logger - INFO - Health check requested
2025-11-05 16:32:37,726 - telemetry_logger - INFO - Health check requested
2025-11-05 16:33:07,726 - telemetry_logger - INFO - Health check requested
2025-11-05 16:34:01,736 - telemetry_logger - INFO - Health check requested
2025-11-05 16:35:01,741 - telemetry_logger - INFO - Health check requested
2025-11-05 16:36:02,047 - telemetry_logger - INFO - Client disconnected from WebSocket
2025-11-05 16:37:04,878 - telemetry_logger - INFO - Health check requested
2025-11-05 16:37:05,705 - telemetry_logger - INFO - Client connected to WebSocket
2025-11-05 16:37:07,727 - telemetry_logger - INFO - Health check requested
2025-11-05 16:37:15,355 - telemetry_logger - INFO - Client disconnected from WebSocket
2025-11-05 16:37:15,902 - telemetry_logger - INFO - Health check requested
2025-11-05 16:37:46,381 - telemetry_logger - INFO - Health check requested
2025-11-05 16:38:16,218 - telemetry_logger - INFO - Health check requested
2025-11-05 16:38:46,221 - telemetry_logger - INFO - Health check requested
2025-11-05 16:39:17,036 - telemetry_logger - INFO - Health check requested
2025-11-05 16:39:47,030 - telemetry_logger - INFO - Health check requested
2025-11-05 16:40:17,037 - telemetry_logger - INFO - Health check requested
2025-11-05 16:41:02,068 - telemetry_logger - INFO - Health check requested
2025-11-05 16:42:02,065 - telemetry_logger - INFO - Health check requested
2025-11-05 16:43:02,044 - telemetry_logger - INFO - Health check requested
2025-11-05 16:44:02,043 - telemetry_logger - INFO - Health check requested
2025-11-05 16:45:02,064 - telemetry_logger - INFO - Health check requested
2025-11-05 16:47:09,654 - telemetry_logger - INFO - Health check requested
2025-11-05 16:47:15,912 - telemetry_logger - INFO - Health check requested
2025-11-05 16:47:28,460 - telemetry_logger - INFO - Health check requested
2025-11-05 16:47:58,775 - telemetry_logger - INFO - Health check requested
2025-11-05 16:48:29,113 - telemetry_logger - INFO - Health check requested
2025-11-05 16:48:59,039 - telemetry_logger - INFO - Health check requested
2025-11-05 16:49:29,045 - telemetry_logger - INFO - Health check requested
2025-11-05 16:49:58,995 - telemetry_logger - INFO - Health check requested
2025-11-05 16:50:29,044 - telemetry_logger - INFO - Health check requested
2025-11-05 16:50:59,048 - telemetry_logger - INFO - Health check requested
2025-11-05 16:52:02,100 - telemetry_logger - INFO - Health check requested
2025-11-05 16:53:02,044 - telemetry_logger - INFO - Health check requested
2025-11-05 16:54:02,053 - telemetry_logger - INFO - Health check requested
2025-11-05 16:55:02,042 - telemetry_logger - INFO - Health check requested
2025-11-05 16:56:02,063 - telemetry_logger - INFO - Health check requested
2025-11-05 17:41:58,233 - telemetry_logger - INFO - Health check requested
2025-11-05 19:27:26,249 - telemetry_logger - INFO - PyTorch not available, checking TensorFlow...
2025-11-05 19:27:29,094 - telemetry_logger - INFO - Neither PyTorch nor TensorFlow available, using CPU
2025-11-05 19:27:35,096 - telemetry_logger - INFO - PyTorch not available, checking TensorFlow...
2025-11-05 19:27:35,117 - telemetry_logger - INFO - Neither PyTorch nor TensorFlow available, using CPU
2025-11-05 19:27:36,582 - telemetry_logger - INFO - Starting Telemetry API Server with SocketIO
2025-11-05 19:27:36,582 - telemetry_logger - INFO - Configuration: {'api_base_url': 'https://api.jpmorgan.com', 'api_version': 'v1', 'log_level': 'INFO', 'log_file': 'logs/telemetry.log', 'telemetry_enabled': True, 'telemetry_batch_size': 100, 'database_url': 'sqlite:///telemetry.db', 'database_type': 'sqlite', 'database_host': 'localhost', 'database_port': 5432, 'database_name': 'jpmorgan_financial_apis', 'database_connection_pool_size': 10, 'database_connection_pool_max_overflow': 20, 'database_connection_pool_timeout': 30, 'database_connection_pool_recycle': 3600, 'token_client_id': 'your_jpmorgan_client_id_here', 'token_client_secret': 'your_jpmorgan_client_secret_here', 'token_url': 'https://id.payments.jpmorgan.com/am/oauth2/alpha/access_token', 'token_scope': 'openid profile', 'mcp_server_command': 'docker run -i --rm -e GITHUB_PERSONAL_ACCESS_TOKEN ghcr.io/github/github-mcp-server', 'github_personal_access_token': 'your_github_personal_access_token_here', 'mcp_server_toolsets': 'all', 'mcp_server_host': ''}
2025-11-05 19:27:39,755 - telemetry_logger - INFO - PyTorch not available, checking TensorFlow...
2025-11-05 19:27:40,327 - telemetry_logger - INFO - Neither PyTorch nor TensorFlow available, using CPU
2025-11-05 19:27:41,818 - telemetry_logger - INFO - PyTorch not available, checking TensorFlow...
2025-11-05 19:27:41,843 - telemetry_logger - INFO - Neither PyTorch nor TensorFlow available, using CPU
2025-11-05 19:27:42,143 - telemetry_logger - INFO - Starting Telemetry API Server with SocketIO
2025-11-05 19:27:42,143 - telemetry_logger - INFO - Configuration: {'api_base_url': 'https://api.jpmorgan.com', 'api_version': 'v1', 'log_level': 'INFO', 'log_file': 'logs/telemetry.log', 'telemetry_enabled': True, 'telemetry_batch_size': 100, 'database_url': 'sqlite:///telemetry.db', 'database_type': 'sqlite', 'database_host': 'localhost', 'database_port': 5432, 'database_name': 'jpmorgan_financial_apis', 'database_connection_pool_size': 10, 'database_connection_pool_max_overflow': 20, 'database_connection_pool_timeout': 30, 'database_connection_pool_recycle': 3600, 'token_client_id': 'your_jpmorgan_client_id_here', 'token_client_secret': 'your_jpmorgan_client_secret_here', 'token_url': 'https://id.payments.jpmorgan.com/am/oauth2/alpha/access_token', 'token_scope': 'openid profile', 'mcp_server_command': 'docker run -i --rm -e GITHUB_PERSONAL_ACCESS_TOKEN ghcr.io/github/github-mcp-server', 'github_personal_access_token': 'your_github_personal_access_token_here', 'mcp_server_toolsets': 'all', 'mcp_server_host': ''}
2025-11-05 19:28:27,819 - telemetry_logger - INFO - PyTorch not available, checking TensorFlow...
2025-11-05 19:28:28,254 - telemetry_logger - INFO - Neither PyTorch nor TensorFlow available, using CPU
2025-11-05 19:28:29,323 - telemetry_logger - INFO - PyTorch not available, checking TensorFlow...
2025-11-05 19:28:29,343 - telemetry_logger - INFO - Neither PyTorch nor TensorFlow available, using CPU
2025-11-05 19:28:29,580 - telemetry_logger - INFO - Starting Telemetry API Server with SocketIO
2025-11-05 19:28:29,580 - telemetry_logger - INFO - Configuration: {'api_base_url': 'https://api.jpmorgan.com', 'api_version': 'v1', 'log_level': 'INFO', 'log_file': 'logs/telemetry.log', 'telemetry_enabled': True, 'telemetry_batch_size': 100, 'database_url': 'sqlite:///telemetry.db', 'database_type': 'sqlite', 'database_host': 'localhost', 'database_port': 5432, 'database_name': 'jpmorgan_financial_apis', 'database_connection_pool_size': 10, 'database_connection_pool_max_overflow': 20, 'database_connection_pool_timeout': 30, 'database_connection_pool_recycle': 3600, 'token_client_id': 'your_jpmorgan_client_id_here', 'token_client_secret': 'your_jpmorgan_client_secret_here', 'token_url': 'https://id.payments.jpmorgan.com/am/oauth2/alpha/access_token', 'token_scope': 'openid profile', 'mcp_server_command': 'docker run -i --rm -e GITHUB_PERSONAL_ACCESS_TOKEN ghcr.io/github/github-mcp-server', 'github_personal_access_token': 'your_github_personal_access_token_here', 'mcp_server_toolsets': 'all', 'mcp_server_host': ''}
2025-11-05 19:35:05,573 - telemetry_logger - INFO - Health check requested
2025-11-05 19:35:37,933 - telemetry_logger - INFO - Health check requested
2025-11-05 19:36:09,417 - telemetry_logger - INFO - Health check requested
2025-11-05 19:36:37,769 - telemetry_logger - INFO - Health check requested
2025-11-05 19:37:32,441 - telemetry_logger - INFO - Health check requested
2025-11-05 19:37:36,223 - telemetry_logger - INFO - Health check requested
2025-11-05 19:38:06,134 - telemetry_logger - INFO - Health check requested
2025-11-05 19:38:35,228 - telemetry_logger - INFO - Health check requested
2025-11-05 19:39:05,227 - telemetry_logger - INFO - Health check requested
2025-11-05 19:39:35,241 - telemetry_logger - INFO - Health check requested
2025-11-05 19:39:47,705 - telemetry_logger - INFO - Health check requested
2025-11-05 19:40:21,194 - telemetry_logger - INFO - Health check requested
2025-11-05 19:40:50,929 - telemetry_logger - INFO - Health check requested
2025-11-05 19:41:18,327 - telemetry_logger - INFO - Health check requested
2025-11-06 19:27:31,998 - telemetry_logger - INFO - PyTorch not available, checking TensorFlow...
2025-11-06 19:27:35,065 - telemetry_logger - INFO - Neither PyTorch nor TensorFlow available, using CPU
2025-11-06 19:27:40,882 - telemetry_logger - INFO - PyTorch not available, checking TensorFlow...
2025-11-06 19:27:40,901 - telemetry_logger - INFO - Neither PyTorch nor TensorFlow available, using CPU
2025-11-06 19:27:41,993 - telemetry_logger - INFO - Starting Telemetry API Server with SocketIO
2025-11-06 19:27:41,993 - telemetry_logger - INFO - Configuration: {'api_base_url': 'https://api.jpmorgan.com', 'api_version': 'v1', 'log_level': 'INFO', 'log_file': 'logs/telemetry.log', 'telemetry_enabled': True, 'telemetry_batch_size': 100, 'database_url': 'sqlite:///telemetry.db', 'database_type': 'sqlite', 'database_host': 'localhost', 'database_port': 5432, 'database_name': 'jpmorgan_financial_apis', 'database_connection_pool_size': 10, 'database_connection_pool_max_overflow': 20, 'database_connection_pool_timeout': 30, 'database_connection_pool_recycle': 3600, 'token_client_id': 'your_jpmorgan_client_id_here', 'token_client_secret': 'your_jpmorgan_client_secret_here', 'token_url': 'https://id.payments.jpmorgan.com/am/oauth2/alpha/access_token', 'token_scope': 'openid profile', 'mcp_server_command': 'docker run -i --rm -e GITHUB_PERSONAL_ACCESS_TOKEN ghcr.io/github/github-mcp-server', 'github_personal_access_token': 'your_github_personal_access_token_here', 'mcp_server_toolsets': 'all', 'mcp_server_host': ''}
2025-11-06 19:28:14,081 - telemetry_logger - INFO - PyTorch not available, checking TensorFlow...
2025-11-06 19:28:14,517 - telemetry_logger - INFO - Neither PyTorch nor TensorFlow available, using CPU
2025-11-06 19:28:16,304 - telemetry_logger - INFO - PyTorch not available, checking TensorFlow...
2025-11-06 19:28:16,320 - telemetry_logger - INFO - Neither PyTorch nor TensorFlow available, using CPU
2025-11-06 19:28:16,644 - telemetry_logger - INFO - Starting Telemetry API Server with SocketIO
2025-11-06 19:28:16,645 - telemetry_logger - INFO - Configuration: {'api_base_url': 'https://api.jpmorgan.com', 'api_version': 'v1', 'log_level': 'INFO', 'log_file': 'logs/telemetry.log', 'telemetry_enabled': True, 'telemetry_batch_size': 100, 'database_url': 'sqlite:///telemetry.db', 'database_type': 'sqlite', 'database_host': 'localhost', 'database_port': 5432, 'database_name': 'jpmorgan_financial_apis', 'database_connection_pool_size': 10, 'database_connection_pool_max_overflow': 20, 'database_connection_pool_timeout': 30, 'database_connection_pool_recycle': 3600, 'token_client_id': 'your_jpmorgan_client_id_here', 'token_client_secret': 'your_jpmorgan_client_secret_here', 'token_url': 'https://id.payments.jpmorgan.com/am/oauth2/alpha/access_token', 'token_scope': 'openid profile', 'mcp_server_command': 'docker run -i --rm -e GITHUB_PERSONAL_ACCESS_TOKEN ghcr.io/github/github-mcp-server', 'github_personal_access_token': 'your_github_personal_access_token_here', 'mcp_server_toolsets': 'all', 'mcp_server_host': ''}
2025-11-06 19:28:17,039 - telemetry_logger - INFO - Client connected to WebSocket
2025-11-06 19:28:35,151 - telemetry_logger - INFO - Health check requested
2025-11-10 13:46:10,457 - telemetry_logger - INFO - PyTorch not available, checking TensorFlow...
2025-11-10 13:46:12,293 - telemetry_logger - INFO - Neither PyTorch nor TensorFlow available, using CPU
2025-11-10 13:46:15,229 - telemetry_logger - INFO - PyTorch not available, checking TensorFlow...
2025-11-10 13:46:15,242 - telemetry_logger - INFO - Neither PyTorch nor TensorFlow available, using CPU
2025-11-10 13:46:15,635 - telemetry_logger - INFO - Starting Telemetry API Server with SocketIO
2025-11-10 13:46:15,635 - telemetry_logger - INFO - Configuration: {'api_base_url': 'https://api.jpmorgan.com', 'api_version': 'v1', 'log_level': 'INFO', 'log_file': 'logs/telemetry.log', 'telemetry_enabled': True, 'telemetry_batch_size': 100, 'database_url': 'sqlite:///telemetry.db', 'database_type': 'sqlite', 'database_host': 'localhost', 'database_port': 5432, 'database_name': 'jpmorgan_financial_apis', 'database_connection_pool_size': 10, 'database_connection_pool_max_overflow': 20, 'database_connection_pool_timeout': 30, 'database_connection_pool_recycle': 3600, 'token_client_id': 'your_jpmorgan_client_id_here', 'token_client_secret': 'your_jpmorgan_client_secret_here', 'token_url': 'https://id.payments.jpmorgan.com/am/oauth2/alpha/access_token', 'token_scope': 'openid profile', 'mcp_server_command': 'docker run -i --rm -e GITHUB_PERSONAL_ACCESS_TOKEN ghcr.io/github/github-mcp-server', 'github_personal_access_token': 'your_github_personal_access_token_here', 'mcp_server_toolsets': 'all', 'mcp_server_host': ''}
2025-11-10 13:47:21,454 - telemetry_logger - INFO - PyTorch not available, checking TensorFlow...
2025-11-10 13:47:22,072 - telemetry_logger - INFO - Neither PyTorch nor TensorFlow available, using CPU
2025-11-10 13:47:23,792 - telemetry_logger - INFO - PyTorch not available, checking TensorFlow...
2025-11-10 13:47:23,815 - telemetry_logger - INFO - Neither PyTorch nor TensorFlow available, using CPU
2025-11-10 13:47:24,214 - telemetry_logger - INFO - Starting Telemetry API Server with SocketIO
2025-11-10 13:47:24,215 - telemetry_logger - INFO - Configuration: {'api_base_url': 'https://api.jpmorgan.com', 'api_version': 'v1', 'log_level': 'INFO', 'log_file': 'logs/telemetry.log', 'telemetry_enabled': True, 'telemetry_batch_size': 100, 'database_url': 'sqlite:///telemetry.db', 'database_type': 'sqlite', 'database_host': 'localhost', 'database_port': 5432, 'database_name': 'jpmorgan_financial_apis', 'database_connection_pool_size': 10, 'database_connection_pool_max_overflow': 20, 'database_connection_pool_timeout': 30, 'database_connection_pool_recycle': 3600, 'token_client_id': 'your_jpmorgan_client_id_here', 'token_client_secret': 'your_jpmorgan_client_secret_here', 'token_url': 'https://id.payments.jpmorgan.com/am/oauth2/alpha/access_token', 'token_scope': 'openid profile', 'mcp_server_command': 'docker run -i --rm -e GITHUB_PERSONAL_ACCESS_TOKEN ghcr.io/github/github-mcp-server', 'github_personal_access_token': 'your_github_personal_access_token_here', 'mcp_server_toolsets': 'all', 'mcp_server_host': ''}
2025-11-10 15:26:14,653 - telemetry_logger - INFO - PyTorch not available, checking TensorFlow...
2025-11-10 15:26:15,787 - telemetry_logger - INFO - Neither PyTorch nor TensorFlow available, using CPU
2025-11-10 15:26:17,044 - telemetry_logger - INFO - PyTorch not available, checking TensorFlow...
2025-11-10 15:26:17,059 - telemetry_logger - INFO - Neither PyTorch nor TensorFlow available, using CPU
2025-11-10 15:27:49,009 - telemetry_logger - INFO - PyTorch not available, checking TensorFlow...
2025-11-10 15:27:50,129 - telemetry_logger - INFO - Neither PyTorch nor TensorFlow available, using CPU
2025-11-10 15:27:51,416 - telemetry_logger - INFO - PyTorch not available, checking TensorFlow...
2025-11-10 15:27:51,449 - telemetry_logger - INFO - Neither PyTorch nor TensorFlow available, using CPU
2025-11-10 15:39:28,145 - telemetry_logger - INFO - PyTorch not available, checking TensorFlow...
2025-11-10 15:39:29,185 - telemetry_logger - INFO - Neither PyTorch nor TensorFlow available, using CPU
2025-11-10 15:39:30,241 - telemetry_logger - INFO - PyTorch not available, checking TensorFlow...
2025-11-10 15:39:30,249 - telemetry_logger - INFO - Neither PyTorch nor TensorFlow available, using CPU
2025-11-10 15:40:27,135 - telemetry_logger - INFO - PyTorch not available, checking TensorFlow...
2025-11-10 15:40:27,459 - telemetry_logger - INFO - Neither PyTorch nor TensorFlow available, using CPU
2025-11-10 15:40:28,720 - telemetry_logger - INFO - PyTorch not available, checking TensorFlow...
2025-11-10 15:40:28,730 - telemetry_logger - INFO - Neither PyTorch nor TensorFlow available, using CPU
2025-11-10 15:40:38,274 - telemetry_logger - INFO - PyTorch not available, checking TensorFlow...
2025-11-10 15:40:38,472 - telemetry_logger - INFO - Neither PyTorch nor TensorFlow available, using CPU
2025-11-10 15:40:39,316 - telemetry_logger - INFO - PyTorch not available, checking TensorFlow...
2025-11-10 15:40:39,324 - telemetry_logger - INFO - Neither PyTorch nor TensorFlow available, using CPU
2025-11-10 15:40:50,378 - telemetry_logger - INFO - PyTorch not available, checking TensorFlow...
2025-11-10 15:40:50,841 - telemetry_logger - INFO - Neither PyTorch nor TensorFlow available, using CPU
2025-11-10 15:40:51,810 - telemetry_logger - INFO - PyTorch not available, checking TensorFlow...
2025-11-10 15:40:51,816 - telemetry_logger - INFO - Neither PyTorch nor TensorFlow available, using CPU
2025-11-10 15:41:02,420 - telemetry_logger - INFO - PyTorch not available, checking TensorFlow...
2025-11-10 15:41:02,629 - telemetry_logger - INFO - Neither PyTorch nor TensorFlow available, using CPU
2025-11-10 15:41:03,666 - telemetry_logger - INFO - PyTorch not available, checking TensorFlow...
2025-11-10 15:41:03,667 - telemetry_logger - INFO - Neither PyTorch nor TensorFlow available, using CPU
2025-11-10 15:41:14,961 - telemetry_logger - INFO - PyTorch not available, checking TensorFlow...
2025-11-10 15:41:15,156 - telemetry_logger - INFO - Neither PyTorch nor TensorFlow available, using CPU
2025-11-10 15:41:16,032 - telemetry_logger - INFO - PyTorch not available, checking TensorFlow...
2025-11-10 15:41:16,040 - telemetry_logger - INFO - Neither PyTorch nor TensorFlow available, using CPU
2025-11-10 15:41:25,449 - telemetry_logger - INFO - PyTorch not available, checking TensorFlow...
2025-11-10 15:41:25,665 - telemetry_logger - INFO - Neither PyTorch nor TensorFlow available, using CPU
2025-11-10 15:41:26,644 - telemetry_logger - INFO - PyTorch not available, checking TensorFlow...
2025-11-10 15:41:26,650 - telemetry_logger - INFO - Neither PyTorch nor TensorFlow available, using CPU
2025-11-10 15:41:36,197 - telemetry_logger - INFO - PyTorch not available, checking TensorFlow...
2025-11-10 15:41:36,380 - telemetry_logger - INFO - Neither PyTorch nor TensorFlow available, using CPU
2025-11-10 15:41:37,239 - telemetry_logger - INFO - PyTorch not available, checking TensorFlow...
2025-11-10 15:41:37,240 - telemetry_logger - INFO - Neither PyTorch nor TensorFlow available, using CPU
2025-11-10 15:43:01,061 - telemetry_logger - INFO - PyTorch not available, checking TensorFlow...
2025-11-10 15:43:02,300 - telemetry_logger - INFO - Neither PyTorch nor TensorFlow available, using CPU
2025-11-10 15:43:03,565 - telemetry_logger - INFO - PyTorch not available, checking TensorFlow...
2025-11-10 15:43:03,580 - telemetry_logger - INFO - Neither PyTorch nor TensorFlow available, using CPU
2025-11-10 15:43:03,842 - telemetry_logger - INFO - Telemetry Event - Operation: StoreConfigurationServer::FilterUnsupportedSystemFeaturesAsync, PFN: Microsoft.WindowsStore_22507.1401.7.0_x64__8wekyb3d8bbwe
2025-11-10 15:43:03,891 - telemetry_logger - INFO - Telemetry Event - Operation: StoreConfigurationServer::FilterUnsupportedSystemFeaturesAsync, PFN: Microsoft.WindowsStore_22507.1401.7.0_x64__8wekyb3d8bbwe
2025-11-10 15:43:03,901 - telemetry_logger - INFO - Telemetry Event - Operation: StoreConfigurationServer::FilterUnsupportedSystemFeaturesAsync, PFN: Microsoft.WindowsStore_22507.1401.7.0_x64__8wekyb3d8bbwe
2025-11-10 15:43:03,913 - telemetry_logger - INFO - Telemetry Event - Operation: StoreConfigurationServer::FilterUnsupportedSystemFeaturesAsync, PFN: Microsoft.WindowsStore_22507.1401.7.0_x64__8wekyb3d8bbwe
2025-11-10 15:43:03,923 - telemetry_logger - INFO - Telemetry Event - Operation: StoreConfigurationServer::FilterUnsupportedSystemFeaturesAsync, PFN: Microsoft.WindowsStore_22507.1401.7.0_x64__8wekyb3d8bbwe
2025-11-10 15:43:03,930 - telemetry_logger - INFO - Telemetry Event - Operation: StoreConfigurationServer::FilterUnsupportedSystemFeaturesAsync, PFN: Microsoft.WindowsStore_22507.1401.7.0_x64__8wekyb3d8bbwe
2025-11-10 15:43:03,940 - telemetry_logger - INFO - Telemetry Event - Operation: StoreConfigurationServer::FilterUnsupportedSystemFeaturesAsync, PFN: Microsoft.WindowsStore_22507.1401.7.0_x64__8wekyb3d8bbwe
2025-11-10 15:43:03,949 - telemetry_logger - INFO - Telemetry Event - Operation: StoreConfigurationServer::FilterUnsupportedSystemFeaturesAsync, PFN: Microsoft.WindowsStore_22507.1401.7.0_x64__8wekyb3d8bbwe
2025-11-10 15:43:03,958 - telemetry_logger - INFO - Telemetry Event - Operation: StoreConfigurationServer::FilterUnsupportedSystemFeaturesAsync, PFN: Microsoft.WindowsStore_22507.1401.7.0_x64__8wekyb3d8bbwe
2025-11-10 15:43:03,966 - telemetry_logger - INFO - Telemetry Event - Operation: StoreConfigurationServer::FilterUnsupportedSystemFeaturesAsync, PFN: Microsoft.WindowsStore_22507.1401.7.0_x64__8wekyb3d8bbwe
2025-11-10 15:43:03,976 - telemetry_logger - INFO - Telemetry Event - Operation: StoreConfigurationServer::FilterUnsupportedSystemFeaturesAsync, PFN: Microsoft.WindowsStore_22507.1401.7.0_x64__8wekyb3d8bbwe
2025-11-10 15:43:03,986 - telemetry_logger - INFO - Telemetry Event - Operation: StoreConfigurationServer::FilterUnsupportedSystemFeaturesAsync, PFN: Microsoft.WindowsStore_22507.1401.7.0_x64__8wekyb3d8bbwe
2025-11-10 15:43:03,995 - telemetry_logger - INFO - Telemetry Event - Operation: StoreConfigurationServer::FilterUnsupportedSystemFeaturesAsync, PFN: Microsoft.WindowsStore_22507.1401.7.0_x64__8wekyb3d8bbwe
2025-11-10 15:43:04,004 - telemetry_logger - INFO - Telemetry Event - Operation: StoreConfigurationServer::FilterUnsupportedSystemFeaturesAsync, PFN: Microsoft.WindowsStore_22507.1401.7.0_x64__8wekyb3d8bbwe
2025-11-10 15:43:04,012 - telemetry_logger - INFO - Telemetry Event - Operation: StoreConfigurationServer::FilterUnsupportedSystemFeaturesAsync, PFN: Microsoft.WindowsStore_22507.1401.7.0_x64__8wekyb3d8bbwe
2025-11-10 15:43:04,022 - telemetry_logger - INFO - Telemetry Event - Operation: StoreConfigurationServer::FilterUnsupportedSystemFeaturesAsync, PFN: Microsoft.WindowsStore_22507.1401.7.0_x64__8wekyb3d8bbwe
2025-11-10 15:43:04,033 - telemetry_logger - INFO - Telemetry Event - Operation: StoreConfigurationServer::FilterUnsupportedSystemFeaturesAsync, PFN: Microsoft.WindowsStore_22507.1401.7.0_x64__8wekyb3d8bbwe
2025-11-10 15:43:04,041 - telemetry_logger - INFO - Telemetry Event - Operation: StoreConfigurationServer::FilterUnsupportedSystemFeaturesAsync, PFN: Microsoft.WindowsStore_22507.1401.7.0_x64__8wekyb3d8bbwe
2025-11-10 15:43:04,049 - telemetry_logger - INFO - Telemetry Event - Operation: StoreConfigurationServer::FilterUnsupportedSystemFeaturesAsync, PFN: Microsoft.WindowsStore_22507.1401.7.0_x64__8wekyb3d8bbwe
2025-11-10 15:43:04,057 - telemetry_logger - INFO - Telemetry Event - Operation: StoreConfigurationServer::FilterUnsupportedSystemFeaturesAsync, PFN: Microsoft.WindowsStore_22507.1401.7.0_x64__8wekyb3d8bbwe
2025-11-10 15:43:04,065 - telemetry_logger - INFO - Telemetry Event - Operation: StoreConfigurationServer::FilterUnsupportedSystemFeaturesAsync, PFN: Microsoft.WindowsStore_22507.1401.7.0_x64__8wekyb3d8bbwe
2025-11-10 15:43:04,072 - telemetry_logger - INFO - Telemetry Event - Operation: StoreConfigurationServer::FilterUnsupportedSystemFeaturesAsync, PFN: Microsoft.WindowsStore_22507.1401.7.0_x64__8wekyb3d8bbwe
2025-11-10 15:43:04,080 - telemetry_logger - INFO - Telemetry Event - Operation: StoreConfigurationServer::FilterUnsupportedSystemFeaturesAsync, PFN: Microsoft.WindowsStore_22507.1401.7.0_x64__8wekyb3d8bbwe
2025-11-10 15:43:04,089 - telemetry_logger - INFO - Telemetry Event - Operation: StoreConfigurationServer::FilterUnsupportedSystemFeaturesAsync, PFN: Microsoft.WindowsStore_22507.1401.7.0_x64__8wekyb3d8bbwe
2025-11-10 15:43:04,097 - telemetry_logger - INFO - Telemetry Event - Operation: StoreConfigurationServer::FilterUnsupportedSystemFeaturesAsync, PFN: Microsoft.WindowsStore_22507.1401.7.0_x64__8wekyb3d8bbwe
2025-11-10 15:43:04,103 - telemetry_logger - INFO - Telemetry Event - Operation: StoreConfigurationServer::FilterUnsupportedSystemFeaturesAsync, PFN: Microsoft.WindowsStore_22507.1401.7.0_x64__8wekyb3d8bbwe
2025-11-10 15:43:04,111 - telemetry_logger - INFO - Telemetry Event - Operation: StoreConfigurationServer::FilterUnsupportedSystemFeaturesAsync, PFN: Microsoft.WindowsStore_22507.1401.7.0_x64__8wekyb3d8bbwe
2025-11-10 15:43:04,121 - telemetry_logger - INFO - Telemetry Event - Operation: StoreConfigurationServer::FilterUnsupportedSystemFeaturesAsync, PFN: Microsoft.WindowsStore_22507.1401.7.0_x64__8wekyb3d8bbwe
2025-11-10 15:43:04,128 - telemetry_logger - INFO - Telemetry Event - Operation: StoreConfigurationServer::FilterUnsupportedSystemFeaturesAsync, PFN: Microsoft.WindowsStore_22507.1401.7.0_x64__8wekyb3d8bbwe
2025-11-10 15:43:04,138 - telemetry_logger - INFO - Telemetry Event - Operation: StoreConfigurationServer::FilterUnsupportedSystemFeaturesAsync, PFN: Microsoft.WindowsStore_22507.1401.7.0_x64__8wekyb3d8bbwe
2025-11-10 15:43:04,145 - telemetry_logger - INFO - Telemetry Event - Operation: StoreConfigurationServer::FilterUnsupportedSystemFeaturesAsync, PFN: Microsoft.WindowsStore_22507.1401.7.0_x64__8wekyb3d8bbwe
2025-11-10 15:43:04,153 - telemetry_logger - INFO - Telemetry Event - Operation: StoreConfigurationServer::FilterUnsupportedSystemFeaturesAsync, PFN: Microsoft.WindowsStore_22507.1401.7.0_x64__8wekyb3d8bbwe
2025-11-10 15:43:04,162 - telemetry_logger - INFO - Telemetry Event - Operation: StoreConfigurationServer::FilterUnsupportedSystemFeaturesAsync, PFN: Microsoft.WindowsStore_22507.1401.7.0_x64__8wekyb3d8bbwe
2025-11-10 15:43:04,167 - telemetry_logger - INFO - Telemetry Event - Operation: StoreConfigurationServer::FilterUnsupportedSystemFeaturesAsync, PFN: Microsoft.WindowsStore_22507.1401.7.0_x64__8wekyb3d8bbwe
2025-11-10 15:43:04,175 - telemetry_logger - INFO - Telemetry Event - Operation: StoreConfigurationServer::FilterUnsupportedSystemFeaturesAsync, PFN: Microsoft.WindowsStore_22507.1401.7.0_x64__8wekyb3d8bbwe
2025-11-10 15:43:04,183 - telemetry_logger - INFO - Telemetry Event - Operation: StoreConfigurationServer::FilterUnsupportedSystemFeaturesAsync, PFN: Microsoft.WindowsStore_22507.1401.7.0_x64__8wekyb3d8bbwe
2025-11-10 15:43:04,189 - telemetry_logger - INFO - Telemetry Event - Operation: StoreConfigurationServer::FilterUnsupportedSystemFeaturesAsync, PFN: Microsoft.WindowsStore_22507.1401.7.0_x64__8wekyb3d8bbwe
2025-11-10 15:43:04,197 - telemetry_logger - INFO - Telemetry Event - Operation: StoreConfigurationServer::FilterUnsupportedSystemFeaturesAsync, PFN: Microsoft.WindowsStore_22507.1401.7.0_x64__8wekyb3d8bbwe
2025-11-10 15:43:04,204 - telemetry_logger - INFO - Telemetry Event - Operation: StoreConfigurationServer::FilterUnsupportedSystemFeaturesAsync, PFN: Microsoft.WindowsStore_22507.1401.7.0_x64__8wekyb3d8bbwe
2025-11-10 15:43:04,210 - telemetry_logger - INFO - Telemetry Event - Operation: StoreConfigurationServer::FilterUnsupportedSystemFeaturesAsync, PFN: Microsoft.WindowsStore_22507.1401.7.0_x64__8wekyb3d8bbwe
2025-11-10 15:43:04,218 - telemetry_logger - INFO - Telemetry Event - Operation: StoreConfigurationServer::FilterUnsupportedSystemFeaturesAsync, PFN: Microsoft.WindowsStore_22507.1401.7.0_x64__8wekyb3d8bbwe
2025-11-10 15:43:04,225 - telemetry_logger - INFO - Telemetry Event - Operation: StoreConfigurationServer::FilterUnsupportedSystemFeaturesAsync, PFN: Microsoft.WindowsStore_22507.1401.7.0_x64__8wekyb3d8bbwe
2025-11-10 15:43:04,229 - telemetry_logger - INFO - Telemetry Event - Operation: StoreConfigurationServer::FilterUnsupportedSystemFeaturesAsync, PFN: Microsoft.WindowsStore_22507.1401.7.0_x64__8wekyb3d8bbwe
2025-11-10 15:43:04,238 - telemetry_logger - INFO - Telemetry Event - Operation: StoreConfigurationServer::FilterUnsupportedSystemFeaturesAsync, PFN: Microsoft.WindowsStore_22507.1401.7.0_x64__8wekyb3d8bbwe
2025-11-10 15:43:04,245 - telemetry_logger - INFO - Telemetry Event - Operation: StoreConfigurationServer::FilterUnsupportedSystemFeaturesAsync, PFN: Microsoft.WindowsStore_22507.1401.7.0_x64__8wekyb3d8bbwe
2025-11-10 15:43:04,252 - telemetry_logger - INFO - Telemetry Event - Operation: StoreConfigurationServer::FilterUnsupportedSystemFeaturesAsync, PFN: Microsoft.WindowsStore_22507.1401.7.0_x64__8wekyb3d8bbwe
2025-11-10 15:43:04,259 - telemetry_logger - INFO - Telemetry Event - Operation: StoreConfigurationServer::FilterUnsupportedSystemFeaturesAsync, PFN: Microsoft.WindowsStore_22507.1401.7.0_x64__8wekyb3d8bbwe
2025-11-10 15:43:04,267 - telemetry_logger - INFO - Telemetry Event - Operation: StoreConfigurationServer::FilterUnsupportedSystemFeaturesAsync, PFN: Microsoft.WindowsStore_22507.1401.7.0_x64__8wekyb3d8bbwe
2025-11-10 15:43:04,277 - telemetry_logger - INFO - Telemetry Event - Operation: StoreConfigurationServer::FilterUnsupportedSystemFeaturesAsync, PFN: Microsoft.WindowsStore_22507.1401.7.0_x64__8wekyb3d8bbwe
2025-11-10 15:43:04,285 - telemetry_logger - INFO - Telemetry Event - Operation: StoreConfigurationServer::FilterUnsupportedSystemFeaturesAsync, PFN: Microsoft.WindowsStore_22507.1401.7.0_x64__8wekyb3d8bbwe
2025-11-10 15:43:04,292 - telemetry_logger - INFO - Telemetry Event - Operation: StoreConfigurationServer::FilterUnsupportedSystemFeaturesAsync, PFN: Microsoft.WindowsStore_22507.1401.7.0_x64__8wekyb3d8bbwe
2025-11-10 15:43:04,300 - telemetry_logger - INFO - Batch processing completed: 50/50 events processed successfully
2025-11-10 15:55:17,532 - telemetry_logger - INFO - PyTorch not available, checking TensorFlow...
2025-11-10 15:55:18,862 - telemetry_logger - INFO - Neither PyTorch nor TensorFlow available, using CPU
2025-11-10 15:55:20,446 - telemetry_logger - INFO - PyTorch not available, checking TensorFlow...
2025-11-10 15:55:20,462 - telemetry_logger - INFO - Neither PyTorch nor TensorFlow available, using CPU
2025-11-10 15:55:20,755 - telemetry_logger - INFO - Telemetry Event - Operation: StoreConfigurationServer::FilterUnsupportedSystemFeaturesAsync, PFN: Microsoft.WindowsStore_22507.1401.7.0_x64__8wekyb3d8bbwe
2025-11-10 15:55:20,838 - telemetry_logger - INFO - Telemetry Event - Operation: StoreConfigurationServer::FilterUnsupportedSystemFeaturesAsync, PFN: Microsoft.WindowsStore_22507.1401.7.0_x64__8wekyb3d8bbwe
2025-11-10 15:55:20,847 - telemetry_logger - INFO - Telemetry Event - Operation: StoreConfigurationServer::FilterUnsupportedSystemFeaturesAsync, PFN: Microsoft.WindowsStore_22507.1401.7.0_x64__8wekyb3d8bbwe
2025-11-10 15:55:20,855 - telemetry_logger - INFO - Telemetry Event - Operation: StoreConfigurationServer::FilterUnsupportedSystemFeaturesAsync, PFN: Microsoft.WindowsStore_22507.1401.7.0_x64__8wekyb3d8bbwe
2025-11-10 15:55:20,864 - telemetry_logger - INFO - Telemetry Event - Operation: StoreConfigurationServer::FilterUnsupportedSystemFeaturesAsync, PFN: Microsoft.WindowsStore_22507.1401.7.0_x64__8wekyb3d8bbwe
2025-11-10 15:55:20,871 - telemetry_logger - INFO - Telemetry Event - Operation: StoreConfigurationServer::FilterUnsupportedSystemFeaturesAsync, PFN: Microsoft.WindowsStore_22507.1401.7.0_x64__8wekyb3d8bbwe
2025-11-10 15:55:20,878 - telemetry_logger - INFO - Telemetry Event - Operation: StoreConfigurationServer::FilterUnsupportedSystemFeaturesAsync, PFN: Microsoft.WindowsStore_22507.1401.7.0_x64__8wekyb3d8bbwe
2025-11-10 15:55:20,886 - telemetry_logger - INFO - Telemetry Event - Operation: StoreConfigurationServer::FilterUnsupportedSystemFeaturesAsync, PFN: Microsoft.WindowsStore_22507.1401.7.0_x64__8wekyb3d8bbwe
2025-11-10 15:55:20,895 - telemetry_logger - INFO - Telemetry Event - Operation: StoreConfigurationServer::FilterUnsupportedSystemFeaturesAsync, PFN: Microsoft.WindowsStore_22507.1401.7.0_x64__8wekyb3d8bbwe
2025-11-10 15:55:20,903 - telemetry_logger - INFO - Telemetry Event - Operation: StoreConfigurationServer::FilterUnsupportedSystemFeaturesAsync, PFN: Microsoft.WindowsStore_22507.1401.7.0_x64__8wekyb3d8bbwe
2025-11-10 15:55:20,911 - telemetry_logger - INFO - Telemetry Event - Operation: StoreConfigurationServer::FilterUnsupportedSystemFeaturesAsync, PFN: Microsoft.WindowsStore_22507.1401.7.0_x64__8wekyb3d8bbwe
2025-11-10 15:55:20,919 - telemetry_logger - INFO - Telemetry Event - Operation: StoreConfigurationServer::FilterUnsupportedSystemFeaturesAsync, PFN: Microsoft.WindowsStore_22507.1401.7.0_x64__8wekyb3d8bbwe
2025-11-10 15:55:20,928 - telemetry_logger - INFO - Telemetry Event - Operation: StoreConfigurationServer::FilterUnsupportedSystemFeaturesAsync, PFN: Microsoft.WindowsStore_22507.1401.7.0_x64__8wekyb3d8bbwe
2025-11-10 15:55:20,938 - telemetry_logger - INFO - Telemetry Event - Operation: StoreConfigurationServer::FilterUnsupportedSystemFeaturesAsync, PFN: Microsoft.WindowsStore_22507.1401.7.0_x64__8wekyb3d8bbwe
2025-11-10 15:55:20,948 - telemetry_logger - INFO - Telemetry Event - Operation: StoreConfigurationServer::FilterUnsupportedSystemFeaturesAsync, PFN: Microsoft.WindowsStore_22507.1401.7.0_x64__8wekyb3d8bbwe
2025-11-10 15:55:20,956 - telemetry_logger - INFO - Telemetry Event - Operation: StoreConfigurationServer::FilterUnsupportedSystemFeaturesAsync, PFN: Microsoft.WindowsStore_22507.1401.7.0_x64__8wekyb3d8bbwe
2025-11-10 15:55:20,970 - telemetry_logger - INFO - Telemetry Event - Operation: StoreConfigurationServer::FilterUnsupportedSystemFeaturesAsync, PFN: Microsoft.WindowsStore_22507.1401.7.0_x64__8wekyb3d8bbwe
2025-11-10 15:55:20,979 - telemetry_logger - INFO - Telemetry Event - Operation: StoreConfigurationServer::FilterUnsupportedSystemFeaturesAsync, PFN: Microsoft.WindowsStore_22507.1401.7.0_x64__8wekyb3d8bbwe
2025-11-10 15:55:20,988 - telemetry_logger - INFO - Telemetry Event - Operation: StoreConfigurationServer::FilterUnsupportedSystemFeaturesAsync, PFN: Microsoft.WindowsStore_22507.1401.7.0_x64__8wekyb3d8bbwe
2025-11-10 15:55:21,001 - telemetry_logger - INFO - Telemetry Event - Operation: StoreConfigurationServer::FilterUnsupportedSystemFeaturesAsync, PFN: Microsoft.WindowsStore_22507.1401.7.0_x64__8wekyb3d8bbwe
2025-11-10 15:55:21,014 - telemetry_logger - INFO - Telemetry Event - Operation: StoreConfigurationServer::FilterUnsupportedSystemFeaturesAsync, PFN: Microsoft.WindowsStore_22507.1401.7.0_x64__8wekyb3d8bbwe
2025-11-10 15:55:21,028 - telemetry_logger - INFO - Telemetry Event - Operation: StoreConfigurationServer::FilterUnsupportedSystemFeaturesAsync, PFN: Microsoft.WindowsStore_22507.1401.7.0_x64__8wekyb3d8bbwe
2025-11-10 15:55:21,045 - telemetry_logger - INFO - Telemetry Event - Operation: StoreConfigurationServer::FilterUnsupportedSystemFeaturesAsync, PFN: Microsoft.WindowsStore_22507.1401.7.0_x64__8wekyb3d8bbwe
2025-11-10 15:55:21,058 - telemetry_logger - INFO - Telemetry Event - Operation: StoreConfigurationServer::FilterUnsupportedSystemFeaturesAsync, PFN: Microsoft.WindowsStore_22507.1401.7.0_x64__8wekyb3d8bbwe
2025-11-10 15:55:21,073 - telemetry_logger - INFO - Telemetry Event - Operation: StoreConfigurationServer::FilterUnsupportedSystemFeaturesAsync, PFN: Microsoft.WindowsStore_22507.1401.7.0_x64__8wekyb3d8bbwe
2025-11-10 15:55:21,089 - telemetry_logger - INFO - Telemetry Event - Operation: StoreConfigurationServer::FilterUnsupportedSystemFeaturesAsync, PFN: Microsoft.WindowsStore_22507.1401.7.0_x64__8wekyb3d8bbwe
2025-11-10 15:55:21,100 - telemetry_logger - INFO - Telemetry Event - Operation: StoreConfigurationServer::FilterUnsupportedSystemFeaturesAsync, PFN: Microsoft.WindowsStore_22507.1401.7.0_x64__8wekyb3d8bbwe
2025-11-10 15:55:21,118 - telemetry_logger - INFO - Telemetry Event - Operation: StoreConfigurationServer::FilterUnsupportedSystemFeaturesAsync, PFN: Microsoft.WindowsStore_22507.1401.7.0_x64__8wekyb3d8bbwe
2025-11-10 15:55:21,136 - telemetry_logger - INFO - Telemetry Event - Operation: StoreConfigurationServer::FilterUnsupportedSystemFeaturesAsync, PFN: Microsoft.WindowsStore_22507.1401.7.0_x64__8wekyb3d8bbwe
2025-11-10 15:55:21,148 - telemetry_logger - INFO - Telemetry Event - Operation: StoreConfigurationServer::FilterUnsupportedSystemFeaturesAsync, PFN: Microsoft.WindowsStore_22507.1401.7.0_x64__8wekyb3d8bbwe
2025-11-10 15:55:21,158 - telemetry_logger - INFO - Telemetry Event - Operation: StoreConfigurationServer::FilterUnsupportedSystemFeaturesAsync, PFN: Microsoft.WindowsStore_22507.1401.7.0_x64__8wekyb3d8bbwe
2025-11-10 15:55:21,173 - telemetry_logger - INFO - Telemetry Event - Operation: StoreConfigurationServer::FilterUnsupportedSystemFeaturesAsync, PFN: Microsoft.WindowsStore_22507.1401.7.0_x64__8wekyb3d8bbwe
2025-11-10 15:55:21,185 - telemetry_logger - INFO - Telemetry Event - Operation: StoreConfigurationServer::FilterUnsupportedSystemFeaturesAsync, PFN: Microsoft.WindowsStore_22507.1401.7.0_x64__8wekyb3d8bbwe
2025-11-10 15:55:21,195 - telemetry_logger - INFO - Telemetry Event - Operation: StoreConfigurationServer::FilterUnsupportedSystemFeaturesAsync, PFN: Microsoft.WindowsStore_22507.1401.7.0_x64__8wekyb3d8bbwe
2025-11-10 15:55:21,208 - telemetry_logger - INFO - Telemetry Event - Operation: StoreConfigurationServer::FilterUnsupportedSystemFeaturesAsync, PFN: Microsoft.WindowsStore_22507.1401.7.0_x64__8wekyb3d8bbwe
2025-11-10 15:55:21,218 - telemetry_logger - INFO - Telemetry Event - Operation: StoreConfigurationServer::FilterUnsupportedSystemFeaturesAsync, PFN: Microsoft.WindowsStore_22507.1401.7.0_x64__8wekyb3d8bbwe
2025-11-10 15:55:21,229 - telemetry_logger - INFO - Telemetry Event - Operation: StoreConfigurationServer::FilterUnsupportedSystemFeaturesAsync, PFN: Microsoft.WindowsStore_22507.1401.7.0_x64__8wekyb3d8bbwe
2025-11-10 15:55:21,241 - telemetry_logger - INFO - Telemetry Event - Operation: StoreConfigurationServer::FilterUnsupportedSystemFeaturesAsync, PFN: Microsoft.WindowsStore_22507.1401.7.0_x64__8wekyb3d8bbwe
2025-11-10 15:55:21,254 - telemetry_logger - INFO - Telemetry Event - Operation: StoreConfigurationServer::FilterUnsupportedSystemFeaturesAsync, PFN: Microsoft.WindowsStore_22507.1401.7.0_x64__8wekyb3d8bbwe
2025-11-10 15:55:21,271 - telemetry_logger - INFO - Telemetry Event - Operation: StoreConfigurationServer::FilterUnsupportedSystemFeaturesAsync, PFN: Microsoft.WindowsStore_22507.1401.7.0_x64__8wekyb3d8bbwe
2025-11-10 15:55:21,288 - telemetry_logger - INFO - Telemetry Event - Operation: StoreConfigurationServer::FilterUnsupportedSystemFeaturesAsync, PFN: Microsoft.WindowsStore_22507.1401.7.0_x64__8wekyb3d8bbwe
2025-11-10 15:55:21,299 - telemetry_logger - INFO - Telemetry Event - Operation: StoreConfigurationServer::FilterUnsupportedSystemFeaturesAsync, PFN: Microsoft.WindowsStore_22507.1401.7.0_x64__8wekyb3d8bbwe
2025-11-10 15:55:21,310 - telemetry_logger - INFO - Telemetry Event - Operation: StoreConfigurationServer::FilterUnsupportedSystemFeaturesAsync, PFN: Microsoft.WindowsStore_22507.1401.7.0_x64__8wekyb3d8bbwe
2025-11-10 15:55:21,323 - telemetry_logger - INFO - Telemetry Event - Operation: StoreConfigurationServer::FilterUnsupportedSystemFeaturesAsync, PFN: Microsoft.WindowsStore_22507.1401.7.0_x64__8wekyb3d8bbwe
2025-11-10 15:55:21,334 - telemetry_logger - INFO - Telemetry Event - Operation: StoreConfigurationServer::FilterUnsupportedSystemFeaturesAsync, PFN: Microsoft.WindowsStore_22507.1401.7.0_x64__8wekyb3d8bbwe
2025-11-10 15:55:21,352 - telemetry_logger - INFO - Telemetry Event - Operation: StoreConfigurationServer::FilterUnsupportedSystemFeaturesAsync, PFN: Microsoft.WindowsStore_22507.1401.7.0_x64__8wekyb3d8bbwe
2025-11-10 15:55:21,362 - telemetry_logger - INFO - Telemetry Event - Operation: StoreConfigurationServer::FilterUnsupportedSystemFeaturesAsync, PFN: Microsoft.WindowsStore_22507.1401.7.0_x64__8wekyb3d8bbwe
2025-11-10 15:55:21,372 - telemetry_logger - INFO - Telemetry Event - Operation: StoreConfigurationServer::FilterUnsupportedSystemFeaturesAsync, PFN: Microsoft.WindowsStore_22507.1401.7.0_x64__8wekyb3d8bbwe
2025-11-10 15:55:21,382 - telemetry_logger - INFO - Telemetry Event - Operation: StoreConfigurationServer::FilterUnsupportedSystemFeaturesAsync, PFN: Microsoft.WindowsStore_22507.1401.7.0_x64__8wekyb3d8bbwe
2025-11-10 15:55:21,394 - telemetry_logger - INFO - Telemetry Event - Operation: StoreConfigurationServer::FilterUnsupportedSystemFeaturesAsync, PFN: Microsoft.WindowsStore_22507.1401.7.0_x64__8wekyb3d8bbwe
2025-11-10 15:55:21,409 - telemetry_logger - INFO - Telemetry Event - Operation: StoreConfigurationServer::FilterUnsupportedSystemFeaturesAsync, PFN: Microsoft.WindowsStore_22507.1401.7.0_x64__8wekyb3d8bbwe
2025-11-10 15:55:21,423 - telemetry_logger - INFO - Batch processing completed: 50/50 events processed successfully
2025-11-10 15:59:16,844 - telemetry_logger - INFO - PyTorch not available, checking TensorFlow...
2025-11-10 15:59:18,145 - telemetry_logger - INFO - Neither PyTorch nor TensorFlow available, using CPU
2025-11-10 15:59:19,537 - telemetry_logger - INFO - PyTorch not available, checking TensorFlow...
2025-11-10 15:59:19,550 - telemetry_logger - INFO - Neither PyTorch nor TensorFlow available, using CPU
2025-11-10 15:59:19,825 - telemetry_logger - INFO - Telemetry Event - Operation: StoreConfigurationServer::FilterUnsupportedSystemFeaturesAsync, PFN: Microsoft.WindowsStore_22507.1401.7.0_x64__8wekyb3d8bbwe
2025-11-10 15:59:19,876 - telemetry_logger - INFO - Telemetry Event - Operation: StoreConfigurationServer::FilterUnsupportedSystemFeaturesAsync, PFN: Microsoft.WindowsStore_22507.1401.7.0_x64__8wekyb3d8bbwe
2025-11-10 15:59:19,882 - telemetry_logger - INFO - Telemetry Event - Operation: StoreConfigurationServer::FilterUnsupportedSystemFeaturesAsync, PFN: Microsoft.WindowsStore_22507.1401.7.0_x64__8wekyb3d8bbwe
2025-11-10 15:59:19,888 - telemetry_logger - INFO - Telemetry Event - Operation: StoreConfigurationServer::FilterUnsupportedSystemFeaturesAsync, PFN: Microsoft.WindowsStore_22507.1401.7.0_x64__8wekyb3d8bbwe
2025-11-10 15:59:19,895 - telemetry_logger - INFO - Telemetry Event - Operation: StoreConfigurationServer::FilterUnsupportedSystemFeaturesAsync, PFN: Microsoft.WindowsStore_22507.1401.7.0_x64__8wekyb3d8bbwe
2025-11-10 15:59:19,904 - telemetry_logger - INFO - Telemetry Event - Operation: StoreConfigurationServer::FilterUnsupportedSystemFeaturesAsync, PFN: Microsoft.WindowsStore_22507.1401.7.0_x64__8wekyb3d8bbwe
2025-11-10 15:59:19,914 - telemetry_logger - INFO - Telemetry Event - Operation: StoreConfigurationServer::FilterUnsupportedSystemFeaturesAsync, PFN: Microsoft.WindowsStore_22507.1401.7.0_x64__8wekyb3d8bbwe
2025-11-10 15:59:19,922 - telemetry_logger - INFO - Telemetry Event - Operation: StoreConfigurationServer::FilterUnsupportedSystemFeaturesAsync, PFN: Microsoft.WindowsStore_22507.1401.7.0_x64__8wekyb3d8bbwe
2025-11-10 15:59:19,929 - telemetry_logger - INFO - Telemetry Event - Operation: StoreConfigurationServer::FilterUnsupportedSystemFeaturesAsync, PFN: Microsoft.WindowsStore_22507.1401.7.0_x64__8wekyb3d8bbwe
2025-11-10 15:59:19,936 - telemetry_logger - INFO - Telemetry Event - Operation: StoreConfigurationServer::FilterUnsupportedSystemFeaturesAsync, PFN: Microsoft.WindowsStore_22507.1401.7.0_x64__8wekyb3d8bbwe
2025-11-10 15:59:19,944 - telemetry_logger - INFO - Telemetry Event - Operation: StoreConfigurationServer::FilterUnsupportedSystemFeaturesAsync, PFN: Microsoft.WindowsStore_22507.1401.7.0_x64__8wekyb3d8bbwe
2025-11-10 15:59:19,958 - telemetry_logger - INFO - Telemetry Event - Operation: StoreConfigurationServer::FilterUnsupportedSystemFeaturesAsync, PFN: Microsoft.WindowsStore_22507.1401.7.0_x64__8wekyb3d8bbwe
2025-11-10 15:59:19,974 - telemetry_logger - INFO - Telemetry Event - Operation: StoreConfigurationServer::FilterUnsupportedSystemFeaturesAsync, PFN: Microsoft.WindowsStore_22507.1401.7.0_x64__8wekyb3d8bbwe
2025-11-10 15:59:19,986 - telemetry_logger - INFO - Telemetry Event - Operation: StoreConfigurationServer::FilterUnsupportedSystemFeaturesAsync, PFN: Microsoft.WindowsStore_22507.1401.7.0_x64__8wekyb3d8bbwe
2025-11-10 15:59:19,995 - telemetry_logger - INFO - Telemetry Event - Operation: StoreConfigurationServer::FilterUnsupportedSystemFeaturesAsync, PFN: Microsoft.WindowsStore_22507.1401.7.0_x64__8wekyb3d8bbwe
2025-11-10 15:59:20,000 - telemetry_logger - INFO - Telemetry Event - Operation: StoreConfigurationServer::FilterUnsupportedSystemFeaturesAsync, PFN: Microsoft.WindowsStore_22507.1401.7.0_x64__8wekyb3d8bbwe
2025-11-10 15:59:20,014 - telemetry_logger - INFO - Telemetry Event - Operation: StoreConfigurationServer::FilterUnsupportedSystemFeaturesAsync, PFN: Microsoft.WindowsStore_22507.1401.7.0_x64__8wekyb3d8bbwe
2025-11-10 15:59:20,022 - telemetry_logger - INFO - Telemetry Event - Operation: StoreConfigurationServer::FilterUnsupportedSystemFeaturesAsync, PFN: Microsoft.WindowsStore_22507.1401.7.0_x64__8wekyb3d8bbwe
2025-11-10 15:59:20,033 - telemetry_logger - INFO - Telemetry Event - Operation: StoreConfigurationServer::FilterUnsupportedSystemFeaturesAsync, PFN: Microsoft.WindowsStore_22507.1401.7.0_x64__8wekyb3d8bbwe
2025-11-10 15:59:20,044 - telemetry_logger - INFO - Telemetry Event - Operation: StoreConfigurationServer::FilterUnsupportedSystemFeaturesAsync, PFN: Microsoft.WindowsStore_22507.1401.7.0_x64__8wekyb3d8bbwe
2025-11-10 15:59:20,055 - telemetry_logger - INFO - Telemetry Event - Operation: StoreConfigurationServer::FilterUnsupportedSystemFeaturesAsync, PFN: Microsoft.WindowsStore_22507.1401.7.0_x64__8wekyb3d8bbwe
2025-11-10 15:59:20,066 - telemetry_logger - INFO - Telemetry Event - Operation: StoreConfigurationServer::FilterUnsupportedSystemFeaturesAsync, PFN: Microsoft.WindowsStore_22507.1401.7.0_x64__8wekyb3d8bbwe
2025-11-10 15:59:20,075 - telemetry_logger - INFO - Telemetry Event - Operation: StoreConfigurationServer::FilterUnsupportedSystemFeaturesAsync, PFN: Microsoft.WindowsStore_22507.1401.7.0_x64__8wekyb3d8bbwe
2025-11-10 15:59:20,083 - telemetry_logger - INFO - Telemetry Event - Operation: StoreConfigurationServer::FilterUnsupportedSystemFeaturesAsync, PFN: Microsoft.WindowsStore_22507.1401.7.0_x64__8wekyb3d8bbwe
2025-11-10 15:59:20,093 - telemetry_logger - INFO - Telemetry Event - Operation: StoreConfigurationServer::FilterUnsupportedSystemFeaturesAsync, PFN: Microsoft.WindowsStore_22507.1401.7.0_x64__8wekyb3d8bbwe
2025-11-10 15:59:20,104 - telemetry_logger - INFO - Telemetry Event - Operation: StoreConfigurationServer::FilterUnsupportedSystemFeaturesAsync, PFN: Microsoft.WindowsStore_22507.1401.7.0_x64__8wekyb3d8bbwe
2025-11-10 15:59:20,112 - telemetry_logger - INFO - Telemetry Event - Operation: StoreConfigurationServer::FilterUnsupportedSystemFeaturesAsync, PFN: Microsoft.WindowsStore_22507.1401.7.0_x64__8wekyb3d8bbwe
2025-11-10 15:59:20,127 - telemetry_logger - INFO - Telemetry Event - Operation: StoreConfigurationServer::FilterUnsupportedSystemFeaturesAsync, PFN: Microsoft.WindowsStore_22507.1401.7.0_x64__8wekyb3d8bbwe
2025-11-10 15:59:20,143 - telemetry_logger - INFO - Telemetry Event - Operation: StoreConfigurationServer::FilterUnsupportedSystemFeaturesAsync, PFN: Microsoft.WindowsStore_22507.1401.7.0_x64__8wekyb3d8bbwe
2025-11-10 15:59:20,157 - telemetry_logger - INFO - Telemetry Event - Operation: StoreConfigurationServer::FilterUnsupportedSystemFeaturesAsync, PFN: Microsoft.WindowsStore_22507.1401.7.0_x64__8wekyb3d8bbwe
2025-11-10 15:59:20,173 - telemetry_logger - INFO - Telemetry Event - Operation: StoreConfigurationServer::FilterUnsupportedSystemFeaturesAsync, PFN: Microsoft.WindowsStore_22507.1401.7.0_x64__8wekyb3d8bbwe
2025-11-10 15:59:20,197 - telemetry_logger - INFO - Telemetry Event - Operation: StoreConfigurationServer::FilterUnsupportedSystemFeaturesAsync, PFN: Microsoft.WindowsStore_22507.1401.7.0_x64__8wekyb3d8bbwe
2025-11-10 15:59:20,230 - telemetry_logger - INFO - Telemetry Event - Operation: StoreConfigurationServer::FilterUnsupportedSystemFeaturesAsync, PFN: Microsoft.WindowsStore_22507.1401.7.0_x64__8wekyb3d8bbwe
2025-11-10 15:59:20,266 - telemetry_logger - INFO - Telemetry Event - Operation: StoreConfigurationServer::FilterUnsupportedSystemFeaturesAsync, PFN: Microsoft.WindowsStore_22507.1401.7.0_x64__8wekyb3d8bbwe
2025-11-10 15:59:20,281 - telemetry_logger - INFO - Telemetry Event - Operation: StoreConfigurationServer::FilterUnsupportedSystemFeaturesAsync, PFN: Microsoft.WindowsStore_22507.1401.7.0_x64__8wekyb3d8bbwe
2025-11-10 15:59:20,296 - telemetry_logger - INFO - Telemetry Event - Operation: StoreConfigurationServer::FilterUnsupportedSystemFeaturesAsync, PFN: Microsoft.WindowsStore_22507.1401.7.0_x64__8wekyb3d8bbwe
2025-11-10 15:59:20,307 - telemetry_logger - INFO - Telemetry Event - Operation: StoreConfigurationServer::FilterUnsupportedSystemFeaturesAsync, PFN: Microsoft.WindowsStore_22507.1401.7.0_x64__8wekyb3d8bbwe
2025-11-10 15:59:20,316 - telemetry_logger - INFO - Telemetry Event - Operation: StoreConfigurationServer::FilterUnsupportedSystemFeaturesAsync, PFN: Microsoft.WindowsStore_22507.1401.7.0_x64__8wekyb3d8bbwe
2025-11-10 15:59:20,327 - telemetry_logger - INFO - Telemetry Event - Operation: StoreConfigurationServer::FilterUnsupportedSystemFeaturesAsync, PFN: Microsoft.WindowsStore_22507.1401.7.0_x64__8wekyb3d8bbwe
2025-11-10 15:59:20,336 - telemetry_logger - INFO - Telemetry Event - Operation: StoreConfigurationServer::FilterUnsupportedSystemFeaturesAsync, PFN: Microsoft.WindowsStore_22507.1401.7.0_x64__8wekyb3d8bbwe
2025-11-10 15:59:20,347 - telemetry_logger - INFO - Telemetry Event - Operation: StoreConfigurationServer::FilterUnsupportedSystemFeaturesAsync, PFN: Microsoft.WindowsStore_22507.1401.7.0_x64__8wekyb3d8bbwe
2025-11-10 15:59:20,357 - telemetry_logger - INFO - Telemetry Event - Operation: StoreConfigurationServer::FilterUnsupportedSystemFeaturesAsync, PFN: Microsoft.WindowsStore_22507.1401.7.0_x64__8wekyb3d8bbwe
2025-11-10 15:59:20,369 - telemetry_logger - INFO - Telemetry Event - Operation: StoreConfigurationServer::FilterUnsupportedSystemFeaturesAsync, PFN: Microsoft.WindowsStore_22507.1401.7.0_x64__8wekyb3d8bbwe
2025-11-10 15:59:20,383 - telemetry_logger - INFO - Telemetry Event - Operation: StoreConfigurationServer::FilterUnsupportedSystemFeaturesAsync, PFN: Microsoft.WindowsStore_22507.1401.7.0_x64__8wekyb3d8bbwe
2025-11-10 15:59:20,409 - telemetry_logger - INFO - Telemetry Event - Operation: StoreConfigurationServer::FilterUnsupportedSystemFeaturesAsync, PFN: Microsoft.WindowsStore_22507.1401.7.0_x64__8wekyb3d8bbwe
2025-11-10 15:59:20,423 - telemetry_logger - INFO - Telemetry Event - Operation: StoreConfigurationServer::FilterUnsupportedSystemFeaturesAsync, PFN: Microsoft.WindowsStore_22507.1401.7.0_x64__8wekyb3d8bbwe
2025-11-10 15:59:20,432 - telemetry_logger - INFO - Telemetry Event - Operation: StoreConfigurationServer::FilterUnsupportedSystemFeaturesAsync, PFN: Microsoft.WindowsStore_22507.1401.7.0_x64__8wekyb3d8bbwe
2025-11-10 15:59:20,437 - telemetry_logger - INFO - Telemetry Event - Operation: StoreConfigurationServer::FilterUnsupportedSystemFeaturesAsync, PFN: Microsoft.WindowsStore_22507.1401.7.0_x64__8wekyb3d8bbwe
2025-11-10 15:59:20,457 - telemetry_logger - INFO - Telemetry Event - Operation: StoreConfigurationServer::FilterUnsupportedSystemFeaturesAsync, PFN: Microsoft.WindowsStore_22507.1401.7.0_x64__8wekyb3d8bbwe
2025-11-10 15:59:20,467 - telemetry_logger - INFO - Telemetry Event - Operation: StoreConfigurationServer::FilterUnsupportedSystemFeaturesAsync, PFN: Microsoft.WindowsStore_22507.1401.7.0_x64__8wekyb3d8bbwe
2025-11-10 15:59:20,476 - telemetry_logger - INFO - Telemetry Event - Operation: StoreConfigurationServer::FilterUnsupportedSystemFeaturesAsync, PFN: Microsoft.WindowsStore_22507.1401.7.0_x64__8wekyb3d8bbwe
2025-11-10 15:59:20,485 - telemetry_logger - INFO - Batch processing completed: 50/50 events processed successfully
2025-11-10 15:59:51,420 - telemetry_logger - INFO - PyTorch not available, checking TensorFlow...
2025-11-10 15:59:51,939 - telemetry_logger - INFO - Neither PyTorch nor TensorFlow available, using CPU
2025-11-10 15:59:53,205 - telemetry_logger - INFO - PyTorch not available, checking TensorFlow...
2025-11-10 15:59:53,210 - telemetry_logger - INFO - Neither PyTorch nor TensorFlow available, using CPU
2025-11-10 16:00:04,205 - telemetry_logger - INFO - PyTorch not available, checking TensorFlow...
2025-11-10 16:00:04,446 - telemetry_logger - INFO - Neither PyTorch nor TensorFlow available, using CPU
2025-11-10 16:00:05,401 - telemetry_logger - INFO - PyTorch not available, checking TensorFlow...
2025-11-10 16:00:05,408 - telemetry_logger - INFO - Neither PyTorch nor TensorFlow available, using CPU
2025-11-10 16:00:16,550 - telemetry_logger - INFO - PyTorch not available, checking TensorFlow...
2025-11-10 16:00:16,831 - telemetry_logger - INFO - Neither PyTorch nor TensorFlow available, using CPU
2025-11-10 16:00:17,894 - telemetry_logger - INFO - PyTorch not available, checking TensorFlow...
2025-11-10 16:00:17,900 - telemetry_logger - INFO - Neither PyTorch nor TensorFlow available, using CPU
2025-11-10 16:00:30,641 - telemetry_logger - INFO - PyTorch not available, checking TensorFlow...
2025-11-10 16:00:30,905 - telemetry_logger - INFO - Neither PyTorch nor TensorFlow available, using CPU
2025-11-10 16:00:32,070 - telemetry_logger - INFO - PyTorch not available, checking TensorFlow...
2025-11-10 16:00:32,075 - telemetry_logger - INFO - Neither PyTorch nor TensorFlow available, using CPU
2025-11-10 16:00:55,915 - telemetry_logger - INFO - PyTorch not available, checking TensorFlow...
2025-11-10 16:00:56,881 - telemetry_logger - INFO - Neither PyTorch nor TensorFlow available, using CPU
2025-11-10 16:00:57,841 - telemetry_logger - INFO - PyTorch not available, checking TensorFlow...
2025-11-10 16:00:57,857 - telemetry_logger - INFO - Neither PyTorch nor TensorFlow available, using CPU
2025-11-10 16:00:58,047 - telemetry_logger - INFO - Telemetry Event - Operation: StoreConfigurationServer::FilterUnsupportedSystemFeaturesAsync, PFN: Microsoft.WindowsStore_22507.1401.7.0_x64__8wekyb3d8bbwe
2025-11-10 16:00:58,077 - telemetry_logger - INFO - Telemetry Event - Operation: StoreConfigurationServer::FilterUnsupportedSystemFeaturesAsync, PFN: Microsoft.WindowsStore_22507.1401.7.0_x64__8wekyb3d8bbwe
2025-11-10 16:00:58,086 - telemetry_logger - INFO - Telemetry Event - Operation: StoreConfigurationServer::FilterUnsupportedSystemFeaturesAsync, PFN: Microsoft.WindowsStore_22507.1401.7.0_x64__8wekyb3d8bbwe
2025-11-10 16:00:58,092 - telemetry_logger - INFO - Telemetry Event - Operation: StoreConfigurationServer::FilterUnsupportedSystemFeaturesAsync, PFN: Microsoft.WindowsStore_22507.1401.7.0_x64__8wekyb3d8bbwe
2025-11-10 16:00:58,095 - telemetry_logger - INFO - Telemetry Event - Operation: StoreConfigurationServer::FilterUnsupportedSystemFeaturesAsync, PFN: Microsoft.WindowsStore_22507.1401.7.0_x64__8wekyb3d8bbwe
2025-11-10 16:00:58,102 - telemetry_logger - INFO - Telemetry Event - Operation: StoreConfigurationServer::FilterUnsupportedSystemFeaturesAsync, PFN: Microsoft.WindowsStore_22507.1401.7.0_x64__8wekyb3d8bbwe
2025-11-10 16:00:58,109 - telemetry_logger - INFO - Telemetry Event - Operation: StoreConfigurationServer::FilterUnsupportedSystemFeaturesAsync, PFN: Microsoft.WindowsStore_22507.1401.7.0_x64__8wekyb3d8bbwe
2025-11-10 16:00:58,115 - telemetry_logger - INFO - Telemetry Event - Operation: StoreConfigurationServer::FilterUnsupportedSystemFeaturesAsync, PFN: Microsoft.WindowsStore_22507.1401.7.0_x64__8wekyb3d8bbwe
2025-11-10 16:00:58,118 - telemetry_logger - INFO - Telemetry Event - Operation: StoreConfigurationServer::FilterUnsupportedSystemFeaturesAsync, PFN: Microsoft.WindowsStore_22507.1401.7.0_x64__8wekyb3d8bbwe
2025-11-10 16:00:58,127 - telemetry_logger - INFO - Telemetry Event - Operation: StoreConfigurationServer::FilterUnsupportedSystemFeaturesAsync, PFN: Microsoft.WindowsStore_22507.1401.7.0_x64__8wekyb3d8bbwe
2025-11-10 16:00:58,133 - telemetry_logger - INFO - Telemetry Event - Operation: StoreConfigurationServer::FilterUnsupportedSystemFeaturesAsync, PFN: Microsoft.WindowsStore_22507.1401.7.0_x64__8wekyb3d8bbwe
2025-11-10 16:00:58,138 - telemetry_logger - INFO - Telemetry Event - Operation: StoreConfigurationServer::FilterUnsupportedSystemFeaturesAsync, PFN: Microsoft.WindowsStore_22507.1401.7.0_x64__8wekyb3d8bbwe
2025-11-10 16:00:58,145 - telemetry_logger - INFO - Telemetry Event - Operation: StoreConfigurationServer::FilterUnsupportedSystemFeaturesAsync, PFN: Microsoft.WindowsStore_22507.1401.7.0_x64__8wekyb3d8bbwe
2025-11-10 16:00:58,151 - telemetry_logger - INFO - Telemetry Event - Operation: StoreConfigurationServer::FilterUnsupportedSystemFeaturesAsync, PFN: Microsoft.WindowsStore_22507.1401.7.0_x64__8wekyb3d8bbwe
2025-11-10 16:00:58,159 - telemetry_logger - INFO - Telemetry Event - Operation: StoreConfigurationServer::FilterUnsupportedSystemFeaturesAsync, PFN: Microsoft.WindowsStore_22507.1401.7.0_x64__8wekyb3d8bbwe
2025-11-10 16:00:58,167 - telemetry_logger - INFO - Telemetry Event - Operation: StoreConfigurationServer::FilterUnsupportedSystemFeaturesAsync, PFN: Microsoft.WindowsStore_22507.1401.7.0_x64__8wekyb3d8bbwe
2025-11-10 16:00:58,176 - telemetry_logger - INFO - Telemetry Event - Operation: StoreConfigurationServer::FilterUnsupportedSystemFeaturesAsync, PFN: Microsoft.WindowsStore_22507.1401.7.0_x64__8wekyb3d8bbwe
2025-11-10 16:00:58,184 - telemetry_logger - INFO - Telemetry Event - Operation: StoreConfigurationServer::FilterUnsupportedSystemFeaturesAsync, PFN: Microsoft.WindowsStore_22507.1401.7.0_x64__8wekyb3d8bbwe
2025-11-10 16:00:58,191 - telemetry_logger - INFO - Telemetry Event - Operation: StoreConfigurationServer::FilterUnsupportedSystemFeaturesAsync, PFN: Microsoft.WindowsStore_22507.1401.7.0_x64__8wekyb3d8bbwe
2025-11-10 16:00:58,199 - telemetry_logger - INFO - Telemetry Event - Operation: StoreConfigurationServer::FilterUnsupportedSystemFeaturesAsync, PFN: Microsoft.WindowsStore_22507.1401.7.0_x64__8wekyb3d8bbwe
2025-11-10 16:00:58,206 - telemetry_logger - INFO - Telemetry Event - Operation: StoreConfigurationServer::FilterUnsupportedSystemFeaturesAsync, PFN: Microsoft.WindowsStore_22507.1401.7.0_x64__8wekyb3d8bbwe
2025-11-10 16:00:58,215 - telemetry_logger - INFO - Telemetry Event - Operation: StoreConfigurationServer::FilterUnsupportedSystemFeaturesAsync, PFN: Microsoft.WindowsStore_22507.1401.7.0_x64__8wekyb3d8bbwe
2025-11-10 16:00:58,223 - telemetry_logger - INFO - Telemetry Event - Operation: StoreConfigurationServer::FilterUnsupportedSystemFeaturesAsync, PFN: Microsoft.WindowsStore_22507.1401.7.0_x64__8wekyb3d8bbwe
2025-11-10 16:00:58,232 - telemetry_logger - INFO - Telemetry Event - Operation: StoreConfigurationServer::FilterUnsupportedSystemFeaturesAsync, PFN: Microsoft.WindowsStore_22507.1401.7.0_x64__8wekyb3d8bbwe
2025-11-10 16:00:58,239 - telemetry_logger - INFO - Telemetry Event - Operation: StoreConfigurationServer::FilterUnsupportedSystemFeaturesAsync, PFN: Microsoft.WindowsStore_22507.1401.7.0_x64__8wekyb3d8bbwe
2025-11-10 16:00:58,246 - telemetry_logger - INFO - Telemetry Event - Operation: StoreConfigurationServer::FilterUnsupportedSystemFeaturesAsync, PFN: Microsoft.WindowsStore_22507.1401.7.0_x64__8wekyb3d8bbwe
2025-11-10 16:00:58,253 - telemetry_logger - INFO - Telemetry Event - Operation: StoreConfigurationServer::FilterUnsupportedSystemFeaturesAsync, PFN: Microsoft.WindowsStore_22507.1401.7.0_x64__8wekyb3d8bbwe
2025-11-10 16:00:58,265 - telemetry_logger - INFO - Telemetry Event - Operation: StoreConfigurationServer::FilterUnsupportedSystemFeaturesAsync, PFN: Microsoft.WindowsStore_22507.1401.7.0_x64__8wekyb3d8bbwe
2025-11-10 16:00:58,271 - telemetry_logger - INFO - Telemetry Event - Operation: StoreConfigurationServer::FilterUnsupportedSystemFeaturesAsync, PFN: Microsoft.WindowsStore_22507.1401.7.0_x64__8wekyb3d8bbwe
2025-11-10 16:00:58,281 - telemetry_logger - INFO - Telemetry Event - Operation: StoreConfigurationServer::FilterUnsupportedSystemFeaturesAsync, PFN: Microsoft.WindowsStore_22507.1401.7.0_x64__8wekyb3d8bbwe
2025-11-10 16:00:58,291 - telemetry_logger - INFO - Telemetry Event - Operation: StoreConfigurationServer::FilterUnsupportedSystemFeaturesAsync, PFN: Microsoft.WindowsStore_22507.1401.7.0_x64__8wekyb3d8bbwe
2025-11-10 16:00:58,298 - telemetry_logger - INFO - Telemetry Event - Operation: StoreConfigurationServer::FilterUnsupportedSystemFeaturesAsync, PFN: Microsoft.WindowsStore_22507.1401.7.0_x64__8wekyb3d8bbwe
2025-11-10 16:00:58,304 - telemetry_logger - INFO - Telemetry Event - Operation: StoreConfigurationServer::FilterUnsupportedSystemFeaturesAsync, PFN: Microsoft.WindowsStore_22507.1401.7.0_x64__8wekyb3d8bbwe
2025-11-10 16:00:58,315 - telemetry_logger - INFO - Telemetry Event - Operation: StoreConfigurationServer::FilterUnsupportedSystemFeaturesAsync, PFN: Microsoft.WindowsStore_22507.1401.7.0_x64__8wekyb3d8bbwe
2025-11-10 16:00:58,358 - telemetry_logger - INFO - Telemetry Event - Operation: StoreConfigurationServer::FilterUnsupportedSystemFeaturesAsync, PFN: Microsoft.WindowsStore_22507.1401.7.0_x64__8wekyb3d8bbwe
2025-11-10 16:00:58,373 - telemetry_logger - INFO - Telemetry Event - Operation: StoreConfigurationServer::FilterUnsupportedSystemFeaturesAsync, PFN: Microsoft.WindowsStore_22507.1401.7.0_x64__8wekyb3d8bbwe
2025-11-10 16:00:58,386 - telemetry_logger - INFO - Telemetry Event - Operation: StoreConfigurationServer::FilterUnsupportedSystemFeaturesAsync, PFN: Microsoft.WindowsStore_22507.1401.7.0_x64__8wekyb3d8bbwe
2025-11-10 16:00:58,403 - telemetry_logger - INFO - Telemetry Event - Operation: StoreConfigurationServer::FilterUnsupportedSystemFeaturesAsync, PFN: Microsoft.WindowsStore_22507.1401.7.0_x64__8wekyb3d8bbwe
2025-11-10 16:00:58,414 - telemetry_logger - INFO - Telemetry Event - Operation: StoreConfigurationServer::FilterUnsupportedSystemFeaturesAsync, PFN: Microsoft.WindowsStore_22507.1401.7.0_x64__8wekyb3d8bbwe
2025-11-10 16:00:58,422 - telemetry_logger - INFO - Telemetry Event - Operation: StoreConfigurationServer::FilterUnsupportedSystemFeaturesAsync, PFN: Microsoft.WindowsStore_22507.1401.7.0_x64__8wekyb3d8bbwe
2025-11-10 16:00:58,430 - telemetry_logger - INFO - Telemetry Event - Operation: StoreConfigurationServer::FilterUnsupportedSystemFeaturesAsync, PFN: Microsoft.WindowsStore_22507.1401.7.0_x64__8wekyb3d8bbwe
2025-11-10 16:00:58,447 - telemetry_logger - INFO - Telemetry Event - Operation: StoreConfigurationServer::FilterUnsupportedSystemFeaturesAsync, PFN: Microsoft.WindowsStore_22507.1401.7.0_x64__8wekyb3d8bbwe
2025-11-10 16:00:58,456 - telemetry_logger - INFO - Telemetry Event - Operation: StoreConfigurationServer::FilterUnsupportedSystemFeaturesAsync, PFN: Microsoft.WindowsStore_22507.1401.7.0_x64__8wekyb3d8bbwe
2025-11-10 16:00:58,464 - telemetry_logger - INFO - Telemetry Event - Operation: StoreConfigurationServer::FilterUnsupportedSystemFeaturesAsync, PFN: Microsoft.WindowsStore_22507.1401.7.0_x64__8wekyb3d8bbwe
2025-11-10 16:00:58,472 - telemetry_logger - INFO - Telemetry Event - Operation: StoreConfigurationServer::FilterUnsupportedSystemFeaturesAsync, PFN: Microsoft.WindowsStore_22507.1401.7.0_x64__8wekyb3d8bbwe
2025-11-10 16:00:58,481 - telemetry_logger - INFO - Telemetry Event - Operation: StoreConfigurationServer::FilterUnsupportedSystemFeaturesAsync, PFN: Microsoft.WindowsStore_22507.1401.7.0_x64__8wekyb3d8bbwe
2025-11-10 16:00:58,490 - telemetry_logger - INFO - Telemetry Event - Operation: StoreConfigurationServer::FilterUnsupportedSystemFeaturesAsync, PFN: Microsoft.WindowsStore_22507.1401.7.0_x64__8wekyb3d8bbwe
2025-11-10 16:00:58,500 - telemetry_logger - INFO - Telemetry Event - Operation: StoreConfigurationServer::FilterUnsupportedSystemFeaturesAsync, PFN: Microsoft.WindowsStore_22507.1401.7.0_x64__8wekyb3d8bbwe
2025-11-10 16:00:58,508 - telemetry_logger - INFO - Telemetry Event - Operation: StoreConfigurationServer::FilterUnsupportedSystemFeaturesAsync, PFN: Microsoft.WindowsStore_22507.1401.7.0_x64__8wekyb3d8bbwe
2025-11-10 16:00:58,516 - telemetry_logger - INFO - Telemetry Event - Operation: StoreConfigurationServer::FilterUnsupportedSystemFeaturesAsync, PFN: Microsoft.WindowsStore_22507.1401.7.0_x64__8wekyb3d8bbwe
2025-11-10 16:00:58,524 - telemetry_logger - INFO - Telemetry Event - Operation: StoreConfigurationServer::FilterUnsupportedSystemFeaturesAsync, PFN: Microsoft.WindowsStore_22507.1401.7.0_x64__8wekyb3d8bbwe
2025-11-10 16:00:58,529 - telemetry_logger - INFO - Batch processing completed: 50/50 events processed successfully
2025-11-10 16:05:34,133 - telemetry_logger - INFO - PyTorch not available, checking TensorFlow...
2025-11-10 16:05:35,117 - telemetry_logger - INFO - Neither PyTorch nor TensorFlow available, using CPU
2025-11-10 16:05:36,454 - telemetry_logger - INFO - PyTorch not available, checking TensorFlow...
2025-11-10 16:05:36,476 - telemetry_logger - INFO - Neither PyTorch nor TensorFlow available, using CPU
2025-11-10 16:05:36,717 - telemetry_logger - INFO - Telemetry Event - Operation: StoreConfigurationServer::FilterUnsupportedSystemFeaturesAsync, PFN: Microsoft.WindowsStore_22507.1401.7.0_x64__8wekyb3d8bbwe
2025-11-10 16:05:36,753 - telemetry_logger - INFO - Telemetry Event - Operation: StoreConfigurationServer::FilterUnsupportedSystemFeaturesAsync, PFN: Microsoft.WindowsStore_22507.1401.7.0_x64__8wekyb3d8bbwe
2025-11-10 16:05:36,778 - telemetry_logger - INFO - Telemetry Event - Operation: StoreConfigurationServer::FilterUnsupportedSystemFeaturesAsync, PFN: Microsoft.WindowsStore_22507.1401.7.0_x64__8wekyb3d8bbwe
2025-11-10 16:05:36,792 - telemetry_logger - INFO - Telemetry Event - Operation: StoreConfigurationServer::FilterUnsupportedSystemFeaturesAsync, PFN: Microsoft.WindowsStore_22507.1401.7.0_x64__8wekyb3d8bbwe
2025-11-10 16:05:36,799 - telemetry_logger - INFO - Telemetry Event - Operation: StoreConfigurationServer::FilterUnsupportedSystemFeaturesAsync, PFN: Microsoft.WindowsStore_22507.1401.7.0_x64__8wekyb3d8bbwe
2025-11-10 16:05:36,806 - telemetry_logger - INFO - Telemetry Event - Operation: StoreConfigurationServer::FilterUnsupportedSystemFeaturesAsync, PFN: Microsoft.WindowsStore_22507.1401.7.0_x64__8wekyb3d8bbwe
2025-11-10 16:05:36,813 - telemetry_logger - INFO - Telemetry Event - Operation: StoreConfigurationServer::FilterUnsupportedSystemFeaturesAsync, PFN: Microsoft.WindowsStore_22507.1401.7.0_x64__8wekyb3d8bbwe
2025-11-10 16:05:36,821 - telemetry_logger - INFO - Telemetry Event - Operation: StoreConfigurationServer::FilterUnsupportedSystemFeaturesAsync, PFN: Microsoft.WindowsStore_22507.1401.7.0_x64__8wekyb3d8bbwe
2025-11-10 16:05:36,828 - telemetry_logger - INFO - Telemetry Event - Operation: StoreConfigurationServer::FilterUnsupportedSystemFeaturesAsync, PFN: Microsoft.WindowsStore_22507.1401.7.0_x64__8wekyb3d8bbwe
2025-11-10 16:05:36,836 - telemetry_logger - INFO - Telemetry Event - Operation: StoreConfigurationServer::FilterUnsupportedSystemFeaturesAsync, PFN: Microsoft.WindowsStore_22507.1401.7.0_x64__8wekyb3d8bbwe
2025-11-10 16:05:36,847 - telemetry_logger - INFO - Telemetry Event - Operation: StoreConfigurationServer::FilterUnsupportedSystemFeaturesAsync, PFN: Microsoft.WindowsStore_22507.1401.7.0_x64__8wekyb3d8bbwe
2025-11-10 16:05:36,857 - telemetry_logger - INFO - Telemetry Event - Operation: StoreConfigurationServer::FilterUnsupportedSystemFeaturesAsync, PFN: Microsoft.WindowsStore_22507.1401.7.0_x64__8wekyb3d8bbwe
2025-11-10 16:05:36,870 - telemetry_logger - INFO - Telemetry Event - Operation: StoreConfigurationServer::FilterUnsupportedSystemFeaturesAsync, PFN: Microsoft.WindowsStore_22507.1401.7.0_x64__8wekyb3d8bbwe
2025-11-10 16:05:36,885 - telemetry_logger - INFO - Telemetry Event - Operation: StoreConfigurationServer::FilterUnsupportedSystemFeaturesAsync, PFN: Microsoft.WindowsStore_22507.1401.7.0_x64__8wekyb3d8bbwe
2025-11-10 16:05:36,892 - telemetry_logger - INFO - Telemetry Event - Operation: StoreConfigurationServer::FilterUnsupportedSystemFeaturesAsync, PFN: Microsoft.WindowsStore_22507.1401.7.0_x64__8wekyb3d8bbwe
2025-11-10 16:05:36,902 - telemetry_logger - INFO - Telemetry Event - Operation: StoreConfigurationServer::FilterUnsupportedSystemFeaturesAsync, PFN: Microsoft.WindowsStore_22507.1401.7.0_x64__8wekyb3d8bbwe
2025-11-10 16:05:36,910 - telemetry_logger - INFO - Telemetry Event - Operation: StoreConfigurationServer::FilterUnsupportedSystemFeaturesAsync, PFN: Microsoft.WindowsStore_22507.1401.7.0_x64__8wekyb3d8bbwe
2025-11-10 16:05:36,917 - telemetry_logger - INFO - Telemetry Event - Operation: StoreConfigurationServer::FilterUnsupportedSystemFeaturesAsync, PFN: Microsoft.WindowsStore_22507.1401.7.0_x64__8wekyb3d8bbwe
2025-11-10 16:05:36,925 - telemetry_logger - INFO - Telemetry Event - Operation: StoreConfigurationServer::FilterUnsupportedSystemFeaturesAsync, PFN: Microsoft.WindowsStore_22507.1401.7.0_x64__8wekyb3d8bbwe
2025-11-10 16:05:36,931 - telemetry_logger - INFO - Telemetry Event - Operation: StoreConfigurationServer::FilterUnsupportedSystemFeaturesAsync, PFN: Microsoft.WindowsStore_22507.1401.7.0_x64__8wekyb3d8bbwe
2025-11-10 16:05:36,936 - telemetry_logger - INFO - Telemetry Event - Operation: StoreConfigurationServer::FilterUnsupportedSystemFeaturesAsync, PFN: Microsoft.WindowsStore_22507.1401.7.0_x64__8wekyb3d8bbwe
2025-11-10 16:05:36,947 - telemetry_logger - INFO - Telemetry Event - Operation: StoreConfigurationServer::FilterUnsupportedSystemFeaturesAsync, PFN: Microsoft.WindowsStore_22507.1401.7.0_x64__8wekyb3d8bbwe
2025-11-10 16:05:36,956 - telemetry_logger - INFO - Telemetry Event - Operation: StoreConfigurationServer::FilterUnsupportedSystemFeaturesAsync, PFN: Microsoft.WindowsStore_22507.1401.7.0_x64__8wekyb3d8bbwe
2025-11-10 16:05:36,963 - telemetry_logger - INFO - Telemetry Event - Operation: StoreConfigurationServer::FilterUnsupportedSystemFeaturesAsync, PFN: Microsoft.WindowsStore_22507.1401.7.0_x64__8wekyb3d8bbwe
2025-11-10 16:05:36,971 - telemetry_logger - INFO - Telemetry Event - Operation: StoreConfigurationServer::FilterUnsupportedSystemFeaturesAsync, PFN: Microsoft.WindowsStore_22507.1401.7.0_x64__8wekyb3d8bbwe
2025-11-10 16:05:36,979 - telemetry_logger - INFO - Telemetry Event - Operation: StoreConfigurationServer::FilterUnsupportedSystemFeaturesAsync, PFN: Microsoft.WindowsStore_22507.1401.7.0_x64__8wekyb3d8bbwe
2025-11-10 16:05:36,987 - telemetry_logger - INFO - Telemetry Event - Operation: StoreConfigurationServer::FilterUnsupportedSystemFeaturesAsync, PFN: Microsoft.WindowsStore_22507.1401.7.0_x64__8wekyb3d8bbwe
2025-11-10 16:05:36,997 - telemetry_logger - INFO - Telemetry Event - Operation: StoreConfigurationServer::FilterUnsupportedSystemFeaturesAsync, PFN: Microsoft.WindowsStore_22507.1401.7.0_x64__8wekyb3d8bbwe
2025-11-10 16:05:37,005 - telemetry_logger - INFO - Telemetry Event - Operation: StoreConfigurationServer::FilterUnsupportedSystemFeaturesAsync, PFN: Microsoft.WindowsStore_22507.1401.7.0_x64__8wekyb3d8bbwe
2025-11-10 16:05:37,014 - telemetry_logger - INFO - Telemetry Event - Operation: StoreConfigurationServer::FilterUnsupportedSystemFeaturesAsync, PFN: Microsoft.WindowsStore_22507.1401.7.0_x64__8wekyb3d8bbwe
2025-11-10 16:05:37,024 - telemetry_logger - INFO - Telemetry Event - Operation: StoreConfigurationServer::FilterUnsupportedSystemFeaturesAsync, PFN: Microsoft.WindowsStore_22507.1401.7.0_x64__8wekyb3d8bbwe
2025-11-10 16:05:37,033 - telemetry_logger - INFO - Telemetry Event - Operation: StoreConfigurationServer::FilterUnsupportedSystemFeaturesAsync, PFN: Microsoft.WindowsStore_22507.1401.7.0_x64__8wekyb3d8bbwe
2025-11-10 16:05:37,051 - telemetry_logger - INFO - Telemetry Event - Operation: StoreConfigurationServer::FilterUnsupportedSystemFeaturesAsync, PFN: Microsoft.WindowsStore_22507.1401.7.0_x64__8wekyb3d8bbwe
2025-11-10 16:05:37,060 - telemetry_logger - INFO - Telemetry Event - Operation: StoreConfigurationServer::FilterUnsupportedSystemFeaturesAsync, PFN: Microsoft.WindowsStore_22507.1401.7.0_x64__8wekyb3d8bbwe
2025-11-10 16:05:37,069 - telemetry_logger - INFO - Telemetry Event - Operation: StoreConfigurationServer::FilterUnsupportedSystemFeaturesAsync, PFN: Microsoft.WindowsStore_22507.1401.7.0_x64__8wekyb3d8bbwe
2025-11-10 16:05:37,076 - telemetry_logger - INFO - Telemetry Event - Operation: StoreConfigurationServer::FilterUnsupportedSystemFeaturesAsync, PFN: Microsoft.WindowsStore_22507.1401.7.0_x64__8wekyb3d8bbwe
2025-11-10 16:05:37,086 - telemetry_logger - INFO - Telemetry Event - Operation: StoreConfigurationServer::FilterUnsupportedSystemFeaturesAsync, PFN: Microsoft.WindowsStore_22507.1401.7.0_x64__8wekyb3d8bbwe
2025-11-10 16:05:37,094 - telemetry_logger - INFO - Telemetry Event - Operation: StoreConfigurationServer::FilterUnsupportedSystemFeaturesAsync, PFN: Microsoft.WindowsStore_22507.1401.7.0_x64__8wekyb3d8bbwe
2025-11-10 16:05:37,102 - telemetry_logger - INFO - Telemetry Event - Operation: StoreConfigurationServer::FilterUnsupportedSystemFeaturesAsync, PFN: Microsoft.WindowsStore_22507.1401.7.0_x64__8wekyb3d8bbwe
2025-11-10 16:05:37,109 - telemetry_logger - INFO - Telemetry Event - Operation: StoreConfigurationServer::FilterUnsupportedSystemFeaturesAsync, PFN: Microsoft.WindowsStore_22507.1401.7.0_x64__8wekyb3d8bbwe
2025-11-10 16:05:37,118 - telemetry_logger - INFO - Telemetry Event - Operation: StoreConfigurationServer::FilterUnsupportedSystemFeaturesAsync, PFN: Microsoft.WindowsStore_22507.1401.7.0_x64__8wekyb3d8bbwe
2025-11-10 16:05:37,125 - telemetry_logger - INFO - Telemetry Event - Operation: StoreConfigurationServer::FilterUnsupportedSystemFeaturesAsync, PFN: Microsoft.WindowsStore_22507.1401.7.0_x64__8wekyb3d8bbwe
2025-11-10 16:05:37,135 - telemetry_logger - INFO - Telemetry Event - Operation: StoreConfigurationServer::FilterUnsupportedSystemFeaturesAsync, PFN: Microsoft.WindowsStore_22507.1401.7.0_x64__8wekyb3d8bbwe
2025-11-10 16:05:37,143 - telemetry_logger - INFO - Telemetry Event - Operation: StoreConfigurationServer::FilterUnsupportedSystemFeaturesAsync, PFN: Microsoft.WindowsStore_22507.1401.7.0_x64__8wekyb3d8bbwe
2025-11-10 16:05:37,151 - telemetry_logger - INFO - Telemetry Event - Operation: StoreConfigurationServer::FilterUnsupportedSystemFeaturesAsync, PFN: Microsoft.WindowsStore_22507.1401.7.0_x64__8wekyb3d8bbwe
2025-11-10 16:05:37,160 - telemetry_logger - INFO - Telemetry Event - Operation: StoreConfigurationServer::FilterUnsupportedSystemFeaturesAsync, PFN: Microsoft.WindowsStore_22507.1401.7.0_x64__8wekyb3d8bbwe
2025-11-10 16:05:37,167 - telemetry_logger - INFO - Telemetry Event - Operation: StoreConfigurationServer::FilterUnsupportedSystemFeaturesAsync, PFN: Microsoft.WindowsStore_22507.1401.7.0_x64__8wekyb3d8bbwe
2025-11-10 16:05:37,175 - telemetry_logger - INFO - Telemetry Event - Operation: StoreConfigurationServer::FilterUnsupportedSystemFeaturesAsync, PFN: Microsoft.WindowsStore_22507.1401.7.0_x64__8wekyb3d8bbwe
2025-11-10 16:05:37,183 - telemetry_logger - INFO - Telemetry Event - Operation: StoreConfigurationServer::FilterUnsupportedSystemFeaturesAsync, PFN: Microsoft.WindowsStore_22507.1401.7.0_x64__8wekyb3d8bbwe
2025-11-10 16:05:37,189 - telemetry_logger - INFO - Telemetry Event - Operation: StoreConfigurationServer::FilterUnsupportedSystemFeaturesAsync, PFN: Microsoft.WindowsStore_22507.1401.7.0_x64__8wekyb3d8bbwe
2025-11-10 16:05:37,194 - telemetry_logger - INFO - Telemetry Event - Operation: StoreConfigurationServer::FilterUnsupportedSystemFeaturesAsync, PFN: Microsoft.WindowsStore_22507.1401.7.0_x64__8wekyb3d8bbwe
2025-11-10 16:05:37,201 - telemetry_logger - INFO - Batch processing completed: 50/50 events processed successfully
